disasternumber,state,declarationtype,incidenttype,fydeclared,declarationdate,designated_area_count,declaration_delay_days,ongoing_at_declaration,declaration_year,declaration_month,declaration_quarter,declaration_weekday,declaration_season,previous_state_disasters,previous_incident_disasters,previous_state_incident_disasters,days_since_previous_state_disaster,days_since_previous_incident,totalobligated,log_totalobligated
1239,TX,DR,Severe Storm,1998,1998-08-26,257,4,1,1998,8,3,2,Summer,147,209,9,21.0,14.0,8224551.92,15.922634496907353
1257,TX,DR,Flood,1999,1998-10-21,43,4,1,1998,10,4,2,Autumn,157,653,31,28.0,111.0,33271088.84,17.32019940489728
3134,IL,EM,Snowstorm,1999,1999-01-08,52,7,1,1999,1,1,4,Winter,35,69,1,478.0,367.0,30456997.53,17.23182636249336
3136,NY,EM,Snowstorm,1999,1999-01-15,10,14,0,1999,1,1,4,Winter,45,70,8,126.0,7.0,4673921.01,15.357509108019606
3135,IN,EM,Snowstorm,1999,1999-01-15,57,14,0,1999,1,1,4,Winter,25,71,2,177.0,0.0,9848206.51,16.10280001790794
1260,TN,DR,Severe Storm,1999,1999-01-15,33,23,0,1999,1,1,4,Winter,27,218,6,176.0,70.0,10096131.65,16.127663002543695
1261,AL,DR,Severe Storm,1999,1999-01-15,12,23,0,1999,1,1,4,Winter,40,219,16,107.0,0.0,5735788.22,15.562235913724486
1262,TN,DR,Severe Storm,1999,1999-01-19,24,2,1,1999,1,1,1,Winter,28,220,7,4.0,4.0,15408228.37,16.550412299331878
1264,LA,DR,Severe Storm,1999,1999-01-21,18,30,0,1999,1,1,3,Winter,42,222,6,120.0,0.0,3033057.68,14.925082133664572
1266,AR,DR,Severe Storm,1999,1999-01-23,22,2,1,1999,1,1,5,Winter,37,223,4,276.0,2.0,7264503.91,15.798510705382903
1265,MS,DR,Severe Ice Storm,1999,1999-01-25,34,33,0,1999,1,1,0,Winter,38,9,0,116.0,748.0,6970269.48,15.757164588296531
3137,MI,EM,Snowstorm,1999,1999-01-27,31,25,0,1999,1,1,2,Winter,24,72,3,175.0,12.0,9019408.49,16.01488942315519
1268,WY,DR,Severe Ice Storm,1999,1999-02-17,2,135,0,1999,2,1,2,Winter,6,10,0,4184.0,23.0,718613.3400000001,13.485080108931415
3138,NY,EM,Snowstorm,1999,1999-03-10,6,7,0,1999,3,1,2,Spring,46,73,9,54.0,42.0,3130695.67,14.956766116024227
1269,LA,DR,Severe Storm,1999,1999-04-09,5,6,0,1999,4,2,4,Spring,43,224,7,78.0,76.0,1740918.65,14.369924066048316
1271,GA,DR,Severe Storm,1999,1999-04-20,2,5,0,1999,4,2,1,Spring,30,226,4,405.0,0.0,1868580.4000000001,14.440690091315213
3139,FL,EM,Fire,1999,1999-04-27,52,12,1,1999,4,2,1,Spring,73,292,28,4.0,4.0,1062381.3,13.876024397173955
1272,OK,DR,Tornado,1999,1999-05-04,19,1,0,1999,5,2,1,Spring,51,137,8,237.0,315.0,40593066.51,17.51910785900713
1273,KS,DR,Tornado,1999,1999-05-04,3,1,1,1999,5,2,1,Spring,22,138,5,180.0,0.0,3144097.57,14.961037783820947
1274,TX,DR,Tornado,1999,1999-05-06,4,2,0,1999,5,2,3,Spring,159,139,13,65.0,2.0,1678565.0,14.333450415451345
1275,TN,DR,Severe Storm,1999,1999-05-12,18,7,1,1999,5,2,2,Spring,30,227,8,29.0,22.0,5322244.0,15.487405764785244
1276,CO,DR,Severe Storm,1999,1999-05-17,12,18,1,1999,5,2,0,Spring,21,228,0,654.0,5.0,5242363.94,15.47228327890847
1277,IA,DR,Severe Storm,1999,1999-05-21,17,5,1,1999,5,2,4,Spring,31,229,3,323.0,4.0,8536338.74,15.95984287201518
1278,IL,DR,Severe Storm,1999,1999-05-28,1,12,0,1999,5,2,4,Spring,36,230,12,140.0,7.0,505599.79,13.133502684313564
1279,ND,DR,Flood,1999,1999-06-08,46,99,1,1999,6,2,1,Summer,26,654,18,358.0,230.0,48418366.59,17.69538979535775
1280,SD,DR,Tornado,1999,1999-06-09,2,5,1,1999,6,2,2,Summer,28,140,0,373.0,34.0,801099.77,13.593742023381125
1281,NV,DR,Severe Storm,1999,1999-07-20,1,12,0,1999,7,3,1,Summer,23,231,1,17.0,53.0,4800431.649999999,15.384216607232833
1282,IA,DR,Severe Storm,1999,1999-07-22,21,20,1,1999,7,3,3,Summer,32,232,4,62.0,2.0,10955375.22,16.209340872731467
1283,MN,DR,Severe Storm,1999,1999-07-28,9,24,1,1999,7,3,2,Summer,39,233,9,400.0,6.0,11747960.64,16.27919030605868
1284,WI,DR,Flood,1999,1999-08-16,10,43,0,1999,8,3,0,Summer,29,655,12,369.0,69.0,4093739.69,15.22496970416464
1285,UT,DR,Tornado,1999,1999-08-16,1,5,0,1999,8,3,0,Summer,7,141,0,1836.0,68.0,518798.92,13.15927357722241
1286,NE,DR,Severe Storm,1999,1999-08-20,3,14,0,1999,8,3,4,Summer,25,234,3,657.0,23.0,2083278.6300000001,14.549453955112227
1287,TX,DR,Hurricane,1999,1999-08-22,13,1,1,1999,8,3,6,Summer,161,108,8,1.0,325.0,3704219.08,15.124983289829748
1288,MN,DR,Severe Ice Storm,1999,1999-08-26,7,178,0,1999,8,3,3,Summer,40,11,1,29.0,190.0,7788940.09,15.868215476643288
3142,TX,EM,Fire,1999,1999-09-01,227,31,1,1999,9,3,2,Autumn,167,309,98,1.0,1.0,6218085.26,15.642972742132466
3141,NC,EM,Hurricane,1999,1999-09-01,11,3,1,1999,9,3,2,Autumn,30,109,10,370.0,10.0,3476283.06,15.061474482396731
3140,CA,EM,Fire,1999,1999-09-01,10,8,1,1999,9,3,2,Autumn,72,310,19,204.0,0.0,51210210.78,17.751449518950587
1289,PA,DR,Severe Storm,1999,1999-09-01,2,12,0,1999,9,3,2,Autumn,33,235,4,450.0,12.0,785818.08,13.574481866799246
3143,FL,EM,Hurricane,1999,1999-09-14,12,0,1,1999,9,3,1,Autumn,75,112,15,123.0,5.0,3683043.54,15.119250288756195
3144,GA,EM,Hurricane,1999,1999-09-14,6,0,1,1999,9,3,1,Autumn,31,113,2,147.0,0.0,3753868.1599999997,15.138297642031583
1292,NC,DR,Hurricane,1999,1999-09-16,66,1,1,1999,9,3,3,Autumn,33,116,13,1.0,1.0,304417697.42,19.533911324245857
3148,NJ,EM,Hurricane,1999,1999-09-17,21,1,1,1999,9,3,4,Autumn,20,118,2,563.0,1.0,2032513.9300000002,14.52478446601058
1295,NJ,DR,Hurricane,1999,1999-09-18,9,2,0,1999,9,3,5,Autumn,21,120,3,1.0,0.0,40662526.05,17.520817514995617
1294,PA,DR,Hurricane,1999,1999-09-18,8,2,1,1999,9,3,5,Autumn,34,121,1,17.0,0.0,11103894.02,16.22280650743331
1293,VA,DR,Hurricane,1999,1999-09-18,48,5,1,1999,9,3,5,Autumn,29,122,5,2.0,0.0,19894763.31,16.805967155077845
1296,NY,DR,Hurricane,1999,1999-09-19,15,3,0,1999,9,3,6,Autumn,49,123,6,1.0,1.0,41293482.28,17.536215255650628
1297,DE,DR,Hurricane,1999,1999-09-21,1,6,0,1999,9,3,1,Autumn,8,124,0,585.0,2.0,3383786.93,15.034506329304786
1299,SC,DR,Hurricane,1999,1999-09-21,27,7,1,1999,9,3,1,Autumn,9,125,5,6.0,0.0,21023542.65,16.861153493885535
1300,FL,DR,Hurricane,1999,1999-09-22,12,9,1,1999,9,3,2,Autumn,76,126,16,8.0,1.0,34472358.4,17.355668384076328
1301,NM,DR,Severe Storm,1999,1999-09-22,8,68,0,1999,9,3,2,Autumn,21,236,1,447.0,21.0,1971615.03,14.494364084232732
1302,CT,DR,Hurricane,1999,1999-09-23,3,7,0,1999,9,3,3,Autumn,12,127,4,1338.0,1.0,1880626.99,14.447116316262159
1303,MD,DR,Hurricane,1999,1999-09-24,11,8,0,1999,9,3,4,Autumn,14,128,1,1102.0,1.0,5462529.95,15.513422784273821
3150,FL,EM,Hurricane,2000,1999-10-15,29,1,1,1999,10,4,4,Autumn,77,129,17,23.0,21.0,547528.1,13.213170889945276
1305,NH,DR,Hurricane,2000,1999-10-18,3,32,0,1999,10,4,0,Autumn,16,130,1,473.0,3.0,594693.8200000001,13.295803645382662
1306,FL,DR,Hurricane,2000,1999-10-20,19,6,1,1999,10,4,2,Autumn,78,131,18,5.0,2.0,106558819.03,18.484207691403
1307,VT,DR,Severe Storm,2000,1999-11-10,10,55,0,1999,11,4,2,Autumn,17,238,3,498.0,26.0,1010652.61,13.826107818127404
1308,ME,DR,Hurricane,2000,1999-11-18,5,63,0,1999,11,4,3,Autumn,26,134,2,301.0,1.0,920741.26,13.732935428081374
1309,VI,DR,Hurricane,2000,1999-11-23,3,6,0,1999,11,4,1,Autumn,14,135,8,6.0,5.0,4835954.62,15.391589313668922
3153,MA,EM,Fire,2000,1999-12-06,1,3,1,1999,12,4,0,Winter,20,323,3,531.0,14.0,3101637.94,14.947441220070466
1310,KY,DR,Tornado,2000,2000-01-10,11,7,0,2000,1,1,0,Winter,35,142,4,51.0,147.0,5006775.82,15.426302916721685
1311,GA,DR,Severe Storm,2000,2000-01-28,51,6,1,2000,1,1,4,Winter,32,239,5,136.0,79.0,42172964.43,17.55728994409455
1312,NC,DR,Severe Storm,2000,2000-01-31,33,7,1,2000,1,1,0,Winter,34,240,3,137.0,3.0,27453052.22,17.12798794814969
1313,SC,DR,Severe Storm,2000,2000-01-31,38,9,1,2000,1,1,0,Winter,10,241,0,132.0,0.0,8783080.6,15.988337883531264
1314,LA,DR,Snowstorm,2000,2000-02-15,8,19,0,2000,2,1,1,Winter,44,74,1,312.0,342.0,2642347.29,14.787178583536324
1315,GA,DR,Severe Storm,2000,2000-02-15,6,1,0,2000,2,1,1,Winter,33,242,6,18.0,15.0,2219394.76,14.612745536620533
1316,AK,DR,Severe Storm,2000,2000-02-17,14,58,1,2000,2,1,3,Winter,27,243,2,1350.0,2.0,10799703.79,16.1950293574616
1317,AL,DR,Severe Storm,2000,2000-02-18,3,27,0,2000,2,1,4,Winter,48,244,17,147.0,1.0,3452307.48,15.054553689881145
1318,VA,DR,Severe Storm,2000,2000-02-28,109,34,0,2000,2,1,0,Winter,30,245,3,163.0,10.0,13644922.94,16.428878137906036
1319,WV,DR,Flood,2000,2000-02-28,26,10,0,2000,2,1,0,Winter,32,657,23,607.0,159.0,5142093.86,15.452971114712488
1320,KY,DR,Severe Storm,2000,2000-02-28,16,10,1,2000,2,1,0,Winter,36,246,5,49.0,0.0,2855552.22,14.864776154630063
1323,TX,DR,Tornado,2000,2000-04-07,1,10,0,2000,4,2,4,Spring,175,143,14,93.0,88.0,3770866.88,15.142815739827203
1324,MD,DR,Severe Storm,2000,2000-04-10,15,76,0,2000,4,2,0,Spring,15,249,2,199.0,24.0,10948402.26,16.2087041825893
1325,DC,DR,Severe Storm,2000,2000-04-10,1,76,0,2000,4,2,0,Spring,4,250,3,1551.0,0.0,1416917.38,14.163994916449267
1326,ME,DR,Severe Storm,2000,2000-04-28,8,31,0,2000,4,2,4,Spring,27,251,6,162.0,18.0,2191132.02,14.599929328738355
1327,KS,DR,Severe Storm,2000,2000-05-03,3,14,0,2000,5,2,2,Spring,23,252,5,365.0,5.0,619592.3099999999,13.336818590177986
3154,NM,EM,Fire,2000,2000-05-10,33,5,1,2000,5,2,2,Spring,24,334,7,2.0,2.0,4467465.06,15.312331928896766
1328,MO,DR,Flood,2000,2000-05-12,10,6,0,2000,5,2,4,Spring,31,658,16,64.0,74.0,2550967.9499999997,14.751983825352498
1329,NM,DR,Fire,2000,2000-05-13,21,8,1,2000,5,2,5,Spring,25,335,8,3.0,3.0,5665066.52,15.549829371172862
1330,SD,DR,Severe Storm,2000,2000-05-19,5,31,0,2000,5,2,4,Spring,29,253,5,345.0,16.0,1779885.95,14.39206040901539
1331,TN,DR,Severe Storm,2000,2000-06-12,15,20,0,2000,6,2,0,Summer,31,254,9,397.0,24.0,3700015.34,15.123847793820918
1332,WI,DR,Severe Storm,2000,2000-06-24,30,29,1,2000,6,2,5,Summer,30,255,9,313.0,12.0,10950776.08,16.208920977918847
1333,MN,DR,Severe Storm,2000,2000-06-27,18,41,1,2000,6,2,1,Summer,41,256,10,306.0,3.0,12078437.33,16.30693246479603
1334,ND,DR,Severe Storm,2000,2000-06-27,43,83,1,2000,6,2,1,Summer,27,257,4,385.0,0.0,39717568.98,17.49730421651849
1335,NY,DR,Severe Storm,2000,2000-07-21,28,79,1,2000,7,3,4,Summer,50,258,5,306.0,24.0,31024801.39,17.250297519655128
1336,VT,DR,Severe Storm,2000,2000-07-27,6,13,0,2000,7,3,3,Summer,18,259,4,260.0,6.0,2474138.67,14.721403285474427
1337,NJ,DR,Severe Storm,2000,2000-08-17,2,5,1,2000,8,3,3,Summer,22,260,3,334.0,21.0,4745696.7299999995,15.372749024526916
1338,DC,DR,Severe Storm,2000,2000-08-17,1,10,0,2000,8,3,3,Summer,5,261,4,129.0,0.0,297203.25,12.602174891858084
1343,OH,DR,Severe Storm,2000,2000-09-26,1,6,0,2000,9,3,1,Autumn,32,263,8,36.0,36.0,3339556.2899999996,15.021348808263442
1344,FL,DR,Severe Storm,2001,2000-10-03,9,12,1,2000,10,4,1,Autumn,89,264,8,116.0,7.0,19716939.9,16.796988768330515
1345,FL,DR,Severe Storm,2001,2000-10-04,4,1,1,2000,10,4,2,Autumn,90,265,9,1.0,1.0,288463022.37,19.48007746713661
3155,NY,EM,Other,2001,2000-10-11,61,142,1,2000,10,4,2,Autumn,51,13,0,82.0,855.0,4668512.48,15.356351266339027
1347,AZ,DR,Severe Storm,2001,2000-10-27,8,6,1,2000,10,4,4,Autumn,31,267,2,378.0,10.0,5616648.54,15.541245876831725
3156,NJ,EM,Other,2001,2000-11-01,21,155,0,2000,11,4,2,Autumn,23,14,0,76.0,21.0,2440546.55,14.707732977831888
1348,HI,DR,Severe Storm,2001,2000-11-09,2,12,0,2000,11,4,3,Autumn,24,268,1,234.0,13.0,4123263.9299999997,15.232155866233935
1349,OK,DR,Severe Storm,2001,2000-11-27,11,37,0,2000,11,4,0,Autumn,55,269,8,67.0,18.0,2837878.86,14.858567803177463
3157,NY,EM,Snowstorm,2001,2000-12-04,3,15,0,2000,12,4,0,Winter,52,75,10,54.0,293.0,4999310.11,15.424810682906115
1350,MT,DR,Severe Storm,2001,2000-12-06,7,36,0,2000,12,4,2,Winter,32,270,3,98.0,9.0,2127112.23,14.57027632736819
1351,WY,DR,Severe Storm,2001,2000-12-13,4,43,0,2000,12,4,2,Winter,8,271,0,135.0,7.0,690633.71,13.445366323317925
1352,AL,DR,Severe Storm,2001,2000-12-18,11,2,1,2000,12,4,0,Winter,51,272,19,92.0,5.0,1084948.69,13.897044175218042
1353,ND,DR,Tornado,2001,2000-12-29,9,58,0,2000,12,4,4,Winter,28,144,2,185.0,266.0,817522.69,13.614035159926946
1354,AR,DR,Severe Ice Storm,2001,2000-12-29,67,17,1,2000,12,4,4,Winter,39,14,1,1.0,1.0,196514521.44,19.096246892089784
1355,OK,DR,Severe Ice Storm,2001,2001-01-05,65,11,1,2001,1,1,4,Winter,57,15,1,8.0,7.0,163118088.87,18.90998497419379
1356,TX,DR,Severe Ice Storm,2001,2001-01-08,46,27,1,2001,1,1,0,Winter,192,16,0,3.0,3.0,39712658.98,17.497180586006312
3160,MI,EM,Snowstorm,2001,2001-01-10,39,30,0,2001,1,1,2,Winter,27,76,4,85.0,37.0,9209710.88,16.03576912435453
1357,LA,DR,Severe Ice Storm,2001,2001-01-12,8,32,0,2001,1,1,4,Winter,46,17,0,123.0,4.0,4344325.16,15.284381220650259
3161,IL,EM,Snowstorm,2001,2001-01-17,27,37,0,2001,1,1,2,Winter,37,77,2,600.0,7.0,17735051.8,16.691053623349227
1358,VT,DR,Severe Storm,2001,2001-01-18,2,33,0,2001,1,1,3,Winter,19,273,5,175.0,31.0,727798.23,13.497780506176674
3162,IN,EM,Snowstorm,2001,2001-01-24,29,44,0,2001,1,1,2,Winter,26,78,3,740.0,7.0,3663238.24,15.11385835221349
3163,WI,EM,Snowstorm,2001,2001-01-24,14,44,0,2001,1,1,2,Winter,31,79,1,214.0,0.0,5387295.97,15.499554327301198
1360,MS,DR,Severe Storm,2001,2001-02-23,50,7,1,2001,2,1,4,Winter,39,274,13,760.0,36.0,18479965.330000002,16.732197802206457
1361,WA,DR,Earthquake,2001,2001-03-01,24,1,1,2001,3,1,3,Spring,58,18,1,188.0,168.0,66803008.269999996,18.017258686444297
1362,AL,DR,Severe Storm,2001,2001-03-05,6,17,0,2001,3,1,0,Spring,52,275,20,77.0,10.0,4802166.48,15.38457793228967
1363,AR,DR,Severe Storm,2001,2001-03-13,22,27,1,2001,3,1,1,Spring,40,276,5,74.0,8.0,3038143.49,14.926757521902198
3164,ME,EM,Snowstorm,2001,2001-03-20,13,15,1,2001,3,1,1,Spring,28,80,2,326.0,55.0,3404108.7,15.04049399494814
3165,MA,EM,Snowstorm,2001,2001-03-28,7,23,0,2001,3,1,2,Spring,21,81,3,478.0,8.0,21065441.93,16.863144479995935
3166,NH,EM,Snowstorm,2001,2001-03-28,7,23,0,2001,3,1,2,Spring,17,82,1,527.0,0.0,3433251.55,15.049018635128727
3167,VT,EM,Snowstorm,2001,2001-04-10,9,36,0,2001,4,2,1,Spring,20,83,0,82.0,13.0,1301659.6,14.079151391885532
1365,MS,DR,Severe Storm,2001,2001-04-17,6,14,0,2001,4,2,1,Spring,40,278,14,53.0,7.0,2893904.56,14.878117552607234
1366,KS,DR,Severe Storm,2001,2001-04-27,1,6,1,2001,4,2,4,Spring,24,279,6,359.0,10.0,2727709.69,14.818973240268788
1367,IA,DR,Severe Storm,2001,2001-05-02,23,24,1,2001,5,2,2,Spring,33,280,5,650.0,5.0,8617786.12,15.969338895065869
1368,IL,DR,Flood,2001,2001-05-09,10,21,1,2001,5,2,2,Spring,38,659,13,112.0,362.0,6095110.54,15.622997620976165
1369,WI,DR,Flood,2001,2001-05-11,32,31,1,2001,5,2,4,Spring,32,660,13,107.0,2.0,19889475.85,16.805701348322355
1373,NE,DR,Severe Storm,2001,2001-05-16,28,36,0,2001,5,2,2,Spring,26,281,4,635.0,14.0,2982075.51,14.908130431254675
1372,PR,DR,Severe Storm,2001,2001-05-16,15,10,0,2001,5,2,2,Spring,19,282,0,546.0,0.0,5145377.73,15.453609535814191
1371,ME,DR,Severe Storm,2001,2001-05-16,6,72,0,2001,5,2,2,Spring,29,283,7,57.0,0.0,1212296.98,14.00802827347906
1370,MN,DR,Flood,2001,2001-05-16,72,54,1,2001,5,2,2,Spring,43,661,18,208.0,5.0,38202747.71,17.458418026747275
1374,CO,DR,Severe Storm,2001,2001-05-17,14,36,0,2001,5,2,3,Spring,25,284,1,243.0,1.0,4675285.19,15.357800935943533
1375,SD,DR,Flood,2001,2001-05-17,24,77,0,2001,5,2,3,Spring,32,662,12,265.0,1.0,5097309.13,15.444223533066609
1376,ND,DR,Flood,2001,2001-05-28,38,88,1,2001,5,2,0,Spring,29,663,19,150.0,11.0,23457511.89,16.970701380650613
1377,MT,DR,Severe Storm,2001,2001-05-28,2,50,0,2001,5,2,0,Spring,33,285,4,173.0,11.0,740551.5900000001,13.515151929749583
1378,WV,DR,Severe Storm,2001,2001-06-03,24,19,1,2001,6,2,6,Summer,33,286,3,461.0,6.0,27934237.4,17.145363677213957
1379,TX,DR,Coastal Storm,2001,2001-06-09,31,4,1,2001,6,2,5,Summer,193,12,0,152.0,1194.0,433696555.54,19.887855669046154
1380,LA,DR,Coastal Storm,2001,2001-06-11,27,6,1,2001,6,2,0,Summer,47,13,0,150.0,2.0,9079126.72,16.02148867988354
1381,FL,DR,Severe Storm,2001,2001-06-17,9,6,0,2001,6,2,6,Summer,101,287,10,25.0,14.0,14705113.81,16.503705937488206
1382,MS,DR,Severe Storm,2001,2001-06-21,5,15,0,2001,6,2,3,Summer,41,288,15,65.0,4.0,1804293.09,14.405679987382518
1383,PA,DR,Severe Storm,2001,2001-06-21,3,6,1,2001,6,2,3,Summer,36,289,5,638.0,0.0,6723585.86,15.721132329029276
1384,OK,DR,Severe Storm,2001,2001-06-29,48,33,0,2001,6,2,4,Summer,58,290,9,175.0,8.0,6425198.399999999,15.675738223283437
1385,MT,DR,Severe Storm,2001,2001-07-07,3,34,0,2001,7,3,5,Summer,34,291,5,40.0,8.0,970883.22,13.785962502264985
1386,VA,DR,Severe Storm,2001,2001-07-12,10,4,1,2001,7,3,3,Summer,31,292,4,500.0,5.0,7388909.66,15.815490874751688
1387,TN,DR,Severe Storm,2001,2001-08-15,8,19,1,2001,8,3,2,Summer,35,293,10,285.0,34.0,3692730.25,15.1218769183732
1388,KY,DR,Severe Storm,2001,2001-08-15,20,19,1,2001,8,3,2,Summer,39,294,6,284.0,0.0,11677518.01,16.27317609927401
1389,DC,DR,Severe Storm,2001,2001-08-16,1,6,0,2001,8,3,3,Summer,6,295,5,364.0,1.0,737808.33,13.511440709768198
1390,OH,DR,Severe Storm,2001,2001-08-27,4,41,0,2001,8,3,0,Summer,33,296,9,335.0,11.0,5998762.14,15.607063862608538
1391,NY,DR,Fire,2001,2001-09-11,62,0,0,2001,9,3,1,Autumn,53,422,2,281.0,5.0,5102341006.0,22.35296529233918
3169,NJ,EM,Fire,2001,2001-09-19,21,8,0,2001,9,3,2,Autumn,24,424,0,322.0,7.0,90706969.09,18.32314475987253
1392,VA,DR,Terrorist,2001,2001-09-21,1,10,0,2001,9,3,4,Autumn,33,0,0,9.0,,4938627.14,15.412598146143642
1393,FL,DR,Coastal Storm,2001,2001-09-28,11,15,0,2001,9,3,4,Autumn,102,14,1,103.0,109.0,23156340.47,16.95777923057429
1394,NE,DR,Severe Storm,2002,2001-10-12,1,56,0,2001,10,4,4,Autumn,27,297,5,149.0,46.0,1414196.4999999998,14.162072790366809
1395,OK,DR,Severe Storm,2002,2001-10-25,3,16,0,2001,10,4,3,Autumn,59,298,10,118.0,13.0,1146338.86,13.952084694245643
1396,PR,DR,Severe Storm,2002,2001-11-28,13,21,0,2001,11,4,2,Autumn,20,299,1,196.0,34.0,4851268.98,15.394751080182925
1397,GU,DR,Earthquake,2002,2001-12-05,1,53,0,2001,12,4,2,Winter,9,19,0,1354.0,279.0,2451633.32,14.712265429516776
1398,MS,DR,Severe Storm,2002,2001-12-07,23,13,1,2001,12,4,4,Winter,42,300,16,169.0,9.0,5517079.4,15.523359365285955
1399,AL,DR,Severe Storm,2002,2001-12-07,19,13,0,2001,12,4,4,Winter,54,301,21,17.0,0.0,2343447.82,14.667134256976913
3170,NY,EM,Snowstorm,2002,2001-12-31,6,7,0,2001,12,4,0,Winter,54,84,11,111.0,265.0,16619808.6,16.62610589124894
1400,AR,DR,Severe Storm,2002,2002-01-24,20,40,1,2002,1,1,3,Winter,41,302,6,317.0,48.0,2251473.59,14.627095932850617
1401,OK,DR,Severe Ice Storm,2002,2002-02-01,45,2,1,2002,2,1,4,Winter,60,18,2,99.0,385.0,108846010.2,18.505444700049182
1402,KS,DR,Severe Ice Storm,2002,2002-02-06,35,8,1,2002,2,1,2,Winter,25,19,0,285.0,5.0,45044698.9,17.62316588581882
1403,MO,DR,Severe Ice Storm,2002,2002-02-06,43,8,1,2002,2,1,2,Winter,32,20,0,635.0,0.0,43824367.31,17.595700574748694
1404,NY,DR,Snowstorm,2002,2002-03-01,1,67,0,2002,3,1,4,Spring,55,85,12,60.0,60.0,5912940.02,15.592653900121054
1405,OR,DR,Severe Storm,2002,2002-03-12,5,33,0,2002,3,1,1,Spring,48,303,3,207.0,47.0,4814558.39,15.387155091239109
1406,VA,DR,Severe Storm,2002,2002-04-02,10,16,0,2002,4,2,1,Spring,38,304,5,33.0,21.0,6232385.77,15.64526992654534
1407,KY,DR,Severe Storm,2002,2002-04-04,37,18,0,2002,4,2,3,Spring,43,305,7,153.0,2.0,10952265.47,16.209056976370285
1408,TN,DR,Severe Storm,2002,2002-04-05,37,72,0,2002,4,2,4,Spring,38,306,11,142.0,1.0,7697251.16,15.856373960795732
1409,MD,DR,Tornado,2002,2002-05-01,3,3,0,2002,5,2,2,Spring,16,145,0,751.0,488.0,4282401.33,15.270024702148588
1410,WV,DR,Severe Storm,2002,2002-05-05,8,3,1,2002,5,2,6,Spring,36,307,4,170.0,30.0,15254509.77,16.54038580547771
1411,VA,DR,Severe Storm,2002,2002-05-05,15,7,0,2002,5,2,6,Spring,39,308,6,33.0,0.0,6677712.22,15.71428615456841
1412,MO,DR,Severe Storm,2002,2002-05-06,79,12,1,2002,5,2,0,Spring,33,309,8,89.0,1.0,35294624.17,17.37924124883748
1413,MI,DR,Flood,2002,2002-05-06,6,26,1,2002,5,2,0,Spring,28,664,8,481.0,343.0,4928089.09,15.410462065278393
1414,KY,DR,Severe Storm,2002,2002-05-07,39,10,1,2002,5,2,1,Spring,44,310,8,33.0,1.0,8254117.36,15.92622282890593
1416,IL,DR,Tornado,2002,2002-05-21,68,30,1,2002,5,2,1,Spring,39,146,8,377.0,20.0,15805470.77,16.57586675260111
1417,FM,DR,Typhoon,2002,2002-05-29,1,92,0,2002,5,2,2,Spring,15,34,11,1517.0,1617.0,1509686.69,14.227413359584716
1418,IN,DR,Severe Storm,2002,2002-06-13,31,46,0,2002,6,2,3,Summer,27,311,7,505.0,37.0,4667435.39,15.356120526024485
1419,MN,DR,Severe Storm,2002,2002-06-14,19,5,1,2002,6,2,4,Summer,45,312,11,13.0,1.0,26750178.05,17.102051724741834
1420,IA,DR,Flood,2002,2002-06-19,21,16,1,2002,6,2,2,Summer,34,665,21,413.0,44.0,5581545.03,15.534976362289957
1422,AZ,DR,Fire,2002,2002-06-25,5,7,1,2002,6,2,1,Summer,36,475,20,4.0,2.0,1467811.65,14.199283857396335
1423,AK,DR,Flood,2002,2002-06-26,10,60,0,2002,6,2,2,Summer,29,666,7,361.0,7.0,3266906.6,14.999354407354957
1424,MT,DR,Severe Storm,2002,2002-07-03,6,25,0,2002,7,3,2,Summer,35,313,6,361.0,19.0,1428869.09,14.172394543052382
1425,TX,DR,Flood,2002,2002-07-04,41,5,1,2002,7,3,3,Summer,194,667,32,390.0,8.0,27951886.44,17.145995284444606
1426,GU,DR,Typhoon,2002,2002-07-06,1,1,0,2002,7,3,5,Summer,10,35,8,213.0,38.0,12654083.47,16.353490604026256
1427,FM,DR,Typhoon,2002,2002-07-11,2,9,0,2002,7,3,3,Summer,16,36,12,43.0,5.0,2192319.56,14.600471157233802
1428,VT,DR,Severe Storm,2002,2002-07-12,5,37,0,2002,7,3,4,Summer,21,314,6,458.0,9.0,1815289.39,14.411756007373693
1429,WI,DR,Severe Storm,2002,2002-07-19,8,28,0,2002,7,3,4,Summer,33,315,10,434.0,7.0,3588942.16,15.093368332723754
1430,MP,DR,Typhoon,2002,2002-08-06,1,33,0,2002,8,3,1,Summer,9,37,8,1686.0,26.0,732738.15,13.504545051230485
1431,ND,DR,Severe Storm,2002,2002-09-10,6,94,0,2002,9,3,1,Autumn,31,316,5,73.0,53.0,1143690.22,13.949771501901509
1432,WI,DR,Tornado,2002,2002-09-10,19,8,0,2002,9,3,1,Autumn,34,147,5,53.0,112.0,2188058.63,14.598525695351915
1433,IN,DR,Severe Storm,2002,2002-09-25,32,5,0,2002,9,3,2,Autumn,28,317,8,104.0,15.0,3614329.82,15.10041728440646
1435,LA,DR,Hurricane,2002,2002-09-27,16,6,1,2002,9,3,4,Autumn,48,136,10,473.0,1039.0,6528710.680000001,15.691720189291718
1436,MS,DR,Hurricane,2003,2002-10-01,11,8,1,2002,10,4,1,Autumn,43,137,6,298.0,4.0,6773969.94,15.72859802241856
1437,LA,DR,Hurricane,2003,2002-10-03,44,2,1,2002,10,4,3,Autumn,49,138,11,6.0,2.0,71865520.66,18.090307175829317
1438,AL,DR,Hurricane,2003,2002-10-09,2,16,0,2002,10,4,2,Autumn,55,139,6,306.0,6.0,2742844.06,14.824506282724661
1440,AK,DR,Earthquake,2003,2002-11-08,6,5,1,2002,11,4,4,Autumn,30,21,1,135.0,176.0,18398149.330000002,16.727760691982706
1441,TN,DR,Severe Storm,2003,2002-11-13,22,4,0,2002,11,4,2,Autumn,39,319,12,222.0,8.0,3202841.0500000003,14.979549114231435
1442,AL,DR,Severe Storm,2003,2002-11-14,29,9,0,2002,11,4,3,Autumn,56,320,22,36.0,1.0,12603187.21,16.349460372454054
1443,MS,DR,Severe Storm,2003,2002-11-14,6,4,0,2002,11,4,3,Autumn,44,321,17,44.0,0.0,20318286.56,16.827031903501286
1445,AK,DR,Severe Storm,2003,2002-12-04,4,42,1,2002,12,4,2,Winter,31,323,3,26.0,16.0,8760170.07,15.985725991260708
1446,GU,DR,Typhoon,2003,2002-12-08,1,0,1,2002,12,4,6,Winter,11,38,9,155.0,124.0,56951817.18,17.857716173247756
1447,MP,DR,Typhoon,2003,2002-12-11,3,3,1,2002,12,4,2,Winter,10,39,9,127.0,3.0,5145927.62,15.453716400759882
1448,NC,DR,Severe Ice Storm,2003,2002-12-12,44,8,0,2002,12,4,3,Winter,35,21,1,1046.0,309.0,86876026.02,18.279992683592305
1449,FM,DR,Typhoon,2003,2003-01-06,1,32,0,2003,1,1,0,Winter,17,40,13,179.0,26.0,2603211.7399999998,14.77225690941158
1450,AR,DR,Severe Ice Storm,2003,2003-01-06,18,34,0,2003,1,1,0,Winter,42,22,2,347.0,25.0,9591748.700000001,16.076413880686797
1451,SC,DR,Severe Ice Storm,2003,2003-01-08,6,35,0,2003,1,1,2,Winter,13,23,0,204.0,2.0,3981376.17,15.197138340021668
3171,TX,EM,Other,2003,2003-02-01,54,0,0,2003,2,1,5,Winter,197,15,0,88.0,822.0,6154760.14,15.632736509374062
3172,LA,EM,Other,2003,2003-02-01,41,0,0,2003,2,1,5,Winter,50,16,0,121.0,0.0,417770.44,12.942689767702023
1452,OK,DR,Severe Ice Storm,2003,2003-02-04,14,63,0,2003,2,1,1,Winter,61,24,3,368.0,27.0,4408796.76,15.299112593476274
3173,NY,EM,Snowstorm,2003,2003-02-25,20,62,0,2003,2,1,1,Winter,57,86,13,285.0,361.0,16108289.03,16.59484460613035
3174,ME,EM,Snowstorm,2003,2003-03-11,1,37,0,2003,3,1,1,Spring,30,87,3,664.0,14.0,416827.64,12.940430481072111
3175,MA,EM,Snowstorm,2003,2003-03-11,14,22,0,2003,3,1,1,Spring,23,88,4,700.0,0.0,28868815.75,17.178272565347164
3176,CT,EM,Snowstorm,2003,2003-03-11,8,22,0,2003,3,1,1,Spring,13,89,3,1265.0,0.0,8932169.87,16.005170021853253
3177,NH,EM,Snowstorm,2003,2003-03-11,5,22,0,2003,3,1,1,Spring,18,90,2,713.0,0.0,2288670.82,14.643482216004049
3180,PA,EM,Severe Storm,2003,2003-03-14,36,28,0,2003,3,1,4,Spring,37,324,6,631.0,100.0,20980672.39,16.859112257176154
3178,DC,EM,Severe Storm,2003,2003-03-14,1,26,0,2003,3,1,4,Spring,7,325,6,575.0,0.0,1771535.48,14.387357795793672
3179,MD,EM,Severe Storm,2003,2003-03-14,20,28,0,2003,3,1,4,Spring,17,326,3,317.0,0.0,19129038.22,16.766718116422823
1454,KY,DR,Severe Storm,2003,2003-03-14,52,27,0,2003,3,1,4,Spring,45,327,9,311.0,0.0,38330931.53,17.461767766045924
1453,OH,DR,Severe Storm,2003,2003-03-14,31,28,1,2003,3,1,4,Spring,35,328,11,116.0,0.0,32012832.5,17.281647427241197
1455,WV,DR,Severe Storm,2003,2003-03-14,49,26,1,2003,3,1,4,Spring,37,329,5,313.0,0.0,9457137.21,16.062280380462074
1456,TN,DR,Severe Storm,2003,2003-03-20,28,34,0,2003,3,1,3,Spring,40,330,13,127.0,6.0,6238698.69,15.646282335618034
3181,NJ,EM,Snowstorm,2003,2003-03-20,21,32,0,2003,3,1,3,Spring,26,91,2,291.0,9.0,36387245.910000004,17.409728911601317
3183,DE,EM,Snowstorm,2003,2003-03-20,3,34,0,2003,3,1,3,Spring,9,92,2,1276.0,0.0,3595389.86,15.095163266454046
3184,NY,EM,Snowstorm,2003,2003-03-27,22,38,0,2003,3,1,3,Spring,58,93,14,30.0,7.0,33847146.56,17.33736528671133
1457,NC,DR,Severe Ice Storm,2003,2003-03-27,10,28,0,2003,3,1,3,Spring,36,25,2,105.0,51.0,15322022.42,16.544801790578816
1458,VA,DR,Severe Storm,2003,2003-03-27,39,40,0,2003,3,1,3,Spring,40,331,7,326.0,7.0,13709083.4,16.433569265938587
3182,RI,EM,Snowstorm,2003,2003-03-27,2,38,0,2003,3,1,3,Spring,10,94,4,2319.0,0.0,2024513.73,14.52084059029847
3185,CO,EM,Snowstorm,2003,2003-04-09,29,23,0,2003,4,2,2,Spring,46,95,0,252.0,13.0,6169487.3,15.63512645889296
1459,MS,DR,Severe Storm,2003,2003-04-24,31,18,1,2003,4,2,3,Spring,45,332,18,161.0,28.0,6030676.28,15.612369880804088
1461,AK,DR,Severe Storm,2003,2003-04-26,3,51,0,2003,4,2,5,Spring,32,334,4,143.0,1.0,1909377.69,14.462288453909787
1462,KS,DR,Severe Storm,2003,2003-05-06,15,2,1,2003,5,2,1,Spring,26,335,7,454.0,10.0,6146361.97,15.631371077852569
1463,MO,DR,Severe Storm,2003,2003-05-06,76,2,1,2003,5,2,1,Spring,34,336,9,365.0,0.0,19625348.35,16.79233262274819
1464,TN,DR,Severe Storm,2003,2003-05-08,73,4,1,2003,5,2,3,Spring,41,337,14,49.0,2.0,38758260.37,17.472854487685616
1465,OK,DR,Severe Storm,2003,2003-05-10,27,2,1,2003,5,2,5,Spring,62,338,11,95.0,2.0,4366087.01,15.289377973928252
1466,AL,DR,Severe Storm,2003,2003-05-12,38,7,1,2003,5,2,0,Spring,57,339,23,179.0,2.0,12585821.41,16.348081532847107
1467,NY,DR,Severe Ice Storm,2003,2003-05-12,16,39,0,2003,5,2,0,Spring,59,26,1,46.0,46.0,18160518.62,16.71476054416419
1468,ME,DR,Freezing,2003,2003-05-14,11,148,1,2003,5,2,2,Spring,31,15,0,64.0,828.0,1740990.66,14.369965428388479
1471,KY,DR,Severe Storm,2003,2003-06-03,44,30,0,2003,6,2,1,Summer,46,342,10,81.0,11.0,4991773.97,15.42330210989035
1472,AR,DR,Severe Storm,2003,2003-06-06,23,35,1,2003,6,2,4,Summer,43,343,7,151.0,3.0,5307559.7,15.484642909140405
1473,AS,DR,Severe Storm,2003,2003-06-06,2,18,0,2003,6,2,4,Summer,7,344,0,4193.0,0.0,1509016.68,14.226969454049806
1474,WV,DR,Severe Storm,2003,2003-06-21,20,10,1,2003,6,2,5,Summer,38,345,6,99.0,15.0,4846539.85,15.393775781642303
1475,KY,DR,Severe Storm,2003,2003-07-02,23,18,0,2003,7,3,2,Summer,47,346,11,29.0,11.0,8900765.38,16.001647941107464
1476,IN,DR,Severe Storm,2003,2003-07-11,46,7,1,2003,7,3,4,Summer,29,347,9,289.0,9.0,6991552.1,15.76021327837091
1477,AZ,DR,Fire,2003,2003-07-14,1,27,1,2003,7,3,0,Summer,41,522,25,0.0,0.0,5363454.39,15.49511898765493
1479,TX,DR,Hurricane,2003,2003-07-17,18,2,1,2003,7,3,3,Summer,198,140,9,166.0,281.0,17888950.29,16.699693833867304
1480,NE,DR,Severe Storm,2003,2003-07-21,19,42,0,2003,7,3,0,Summer,28,349,6,647.0,6.0,3891230.96,15.174236364684806
1481,FL,DR,Severe Storm,2003,2003-07-29,11,46,1,2003,7,3,1,Summer,104,350,12,95.0,8.0,11746692.82,16.279082381939222
1482,TN,DR,Severe Storm,2003,2003-07-29,2,8,0,2003,7,3,1,Summer,42,351,15,82.0,0.0,35429063.74,17.383043079089905
1483,ND,DR,Severe Storm,2003,2003-08-01,1,38,0,2003,8,3,4,Summer,32,352,6,325.0,3.0,886885.5199999999,13.695472316241258
1484,OH,DR,Tornado,2003,2003-08-01,15,11,1,2003,8,3,4,Summer,37,148,5,17.0,325.0,10960376.88,16.209797316991978
1485,PA,DR,Severe Storm,2003,2003-08-23,15,33,1,2003,8,3,5,Summer,38,353,7,162.0,22.0,28779734.700000003,17.175182075920592
3186,NY,EM,Other,2003,2003-08-23,65,9,0,2003,8,3,5,Summer,60,17,1,103.0,203.0,5446113.43,15.510412963746843
1486,NY,DR,Severe Storm,2003,2003-08-29,17,39,0,2003,8,3,4,Summer,61,354,6,6.0,6.0,23850844.78,16.98733023714364
1488,VT,DR,Severe Storm,2003,2003-09-12,4,53,0,2003,9,3,4,Autumn,22,356,7,427.0,7.0,983449.11,13.798822188529169
1489,NH,DR,Severe Storm,2003,2003-09-12,2,53,0,2003,9,3,4,Autumn,19,357,2,185.0,0.0,992096.2,13.807576365337871
1490,NC,DR,Hurricane,2003,2003-09-18,49,0,1,2003,9,3,3,Autumn,37,141,14,175.0,63.0,71064951.16,18.079104835968504
1491,VA,DR,Hurricane,2003,2003-09-18,100,0,1,2003,9,3,3,Autumn,41,142,6,175.0,0.0,206069083.75,19.143722033396376
1492,MD,DR,Hurricane,2003,2003-09-19,24,1,1,2003,9,3,4,Autumn,18,143,2,189.0,1.0,40682439.1,17.521307110138263
1493,DC,DR,Hurricane,2003,2003-09-20,1,2,1,2003,9,3,5,Autumn,8,144,0,190.0,1.0,5021646.34,15.429268593215198
1494,DE,DR,Hurricane,2003,2003-09-20,3,2,1,2003,9,3,5,Autumn,10,145,1,184.0,0.0,2216506.1,14.611443136410479
1495,DE,DR,Hurricane,2003,2003-09-23,1,8,0,2003,9,3,1,Autumn,11,146,2,3.0,3.0,8736672.19,15.983040033292781
1496,WV,DR,Hurricane,2003,2003-09-23,10,5,1,2003,9,3,1,Autumn,39,147,1,94.0,0.0,1501816.28,14.222186452774293
3187,OH,EM,Other,2003,2003-09-23,13,40,0,2003,9,3,1,Autumn,38,18,1,53.0,31.0,1622599.57,14.299540710231096
3188,NJ,EM,Other,2003,2003-09-23,5,40,0,2003,9,3,1,Autumn,27,19,1,187.0,0.0,1497259.35,14.219147562776051
3189,MI,EM,Other,2003,2003-09-23,14,40,0,2003,9,3,1,Autumn,29,20,0,505.0,0.0,5005244.66,15.425997052444014
1498,CA,DR,Fire,2004,2003-10-27,5,6,1,2003,10,4,0,Autumn,101,552,47,1.0,1.0,108172209.83999999,18.499235059966527
1499,WA,DR,Severe Storm,2004,2003-11-07,15,23,0,2003,11,4,4,Autumn,72,359,5,62.0,42.0,9125367.8,16.02656887305446
1500,WV,DR,Severe Storm,2004,2003-11-21,34,10,1,2003,11,4,4,Autumn,40,360,7,59.0,14.0,15749369.68,16.572310965612225
1501,PR,DR,Severe Storm,2004,2003-11-21,31,11,1,2003,11,4,4,Autumn,21,361,2,723.0,0.0,7128245.52,15.779575832270995
1503,VI,DR,Severe Storm,2004,2003-12-09,3,29,0,2003,12,4,1,Winter,15,363,0,1477.0,0.0,1553280.26,14.25588019326664
1504,FM,DR,Typhoon,2004,2003-12-19,2,27,0,2003,12,4,4,Winter,18,41,14,347.0,347.0,1225379.55,14.018762006779518
1505,CA,DR,Earthquake,2004,2004-01-13,2,22,1,2004,1,1,1,Winter,103,22,9,77.0,431.0,47784887.2,17.682220001033347
1506,AS,DR,Typhoon,2004,2004-01-13,3,11,0,2004,1,1,1,Winter,8,42,2,221.0,25.0,12192388.200000001,16.31632247897123
3193,NH,EM,Snowstorm,2004,2004-01-15,8,40,0,2004,1,1,3,Winter,20,96,3,125.0,281.0,2662225.4,14.794673323156209
3192,CT,EM,Snowstorm,2004,2004-01-15,7,41,0,2004,1,1,3,Winter,14,97,4,310.0,0.0,9566291.2,16.073756248438496
3190,ME,EM,Snowstorm,2004,2004-01-15,11,40,0,2004,1,1,3,Winter,32,98,4,246.0,0.0,2308324.53,14.652032940858437
3191,MA,EM,Snowstorm,2004,2004-01-15,12,40,0,2004,1,1,3,Winter,24,99,5,310.0,0.0,35683865.83,17.390209235084175
1507,OH,DR,Severe Storm,2004,2004-01-26,14,23,1,2004,1,1,0,Winter,39,364,13,125.0,48.0,11914847.31,16.29329593742261
3194,ME,EM,Snowstorm,2004,2004-01-26,7,43,0,2004,1,1,0,Winter,33,100,5,11.0,11.0,1209952.91,14.006092825938357
1508,ME,DR,Severe Storm,2004,2004-02-05,7,57,0,2004,2,1,3,Winter,34,365,8,10.0,10.0,2411749.48,14.695863382058384
1509,SC,DR,Severe Ice Storm,2004,2004-02-13,26,18,0,2004,2,1,4,Winter,14,27,1,401.0,277.0,16280744.26,16.605493695132182
1510,OR,DR,Severe Storm,2004,2004-02-19,30,55,0,2004,2,1,3,Winter,60,366,4,166.0,14.0,10350884.89,16.152582667249476
3195,NY,EM,Snowstorm,2004,2004-03-03,4,35,0,2004,3,1,2,Spring,62,101,15,187.0,37.0,2727339.89,14.818837659515738
3196,ND,EM,Snowstorm,2004,2004-04-02,10,70,0,2004,4,2,4,Spring,33,102,1,245.0,30.0,323596.60000000003,12.687256047575312
1511,FM,DR,Typhoon,2004,2004-04-10,1,2,1,2004,4,2,5,Spring,19,43,15,113.0,88.0,13795696.07,16.439867294983934
1513,IL,DR,Severe Storm,2004,2004-04-23,4,3,0,2004,4,2,4,Spring,41,367,14,344.0,64.0,2184961.46,14.597109205586204
1514,NM,DR,Severe Storm,2004,2004-04-29,4,27,0,2004,4,2,3,Spring,41,368,2,309.0,6.0,4490442.49,15.31746202766923
1515,ND,DR,Severe Storm,2004,2004-05-05,22,40,1,2004,5,2,2,Spring,34,369,7,33.0,6.0,12645451.85,16.352808250019088
1516,AR,DR,Severe Storm,2004,2004-05-07,14,18,1,2004,5,2,4,Spring,44,370,8,336.0,2.0,7127750.78,15.779506424294116
1518,IA,DR,Severe Storm,2004,2004-05-25,77,6,1,2004,5,2,1,Spring,35,371,6,706.0,18.0,14799551.39,16.510107494358067
1517,NE,DR,Severe Storm,2004,2004-05-25,39,5,1,2004,5,2,1,Spring,29,372,7,309.0,0.0,13341164.06,16.406364930470286
1519,OH,DR,Severe Storm,2004,2004-06-03,25,16,1,2004,6,2,3,Summer,40,373,14,129.0,9.0,10744642.19,16.189917880434322
1520,IN,DR,Severe Storm,2004,2004-06-03,69,9,1,2004,6,2,3,Summer,31,374,11,272.0,0.0,4200110.28,15.250621578140699
1522,WV,DR,Severe Storm,2004,2004-06-07,24,11,1,2004,6,2,0,Summer,41,375,8,199.0,4.0,9473077.17,16.06396445669737
1523,KY,DR,Severe Storm,2004,2004-06-10,78,15,1,2004,6,2,3,Summer,48,377,12,344.0,2.0,17498307.99,16.67761480508199
1526,WI,DR,Severe Storm,2004,2004-06-18,44,42,1,2004,6,2,4,Summer,35,380,11,647.0,3.0,10948315.56,16.208696263594977
1528,AR,DR,Severe Storm,2004,2004-06-30,14,31,1,2004,6,2,2,Summer,45,382,9,54.0,0.0,3350390.86,15.024587870094754
1529,CA,DR,Dam/Levee Break,2004,2004-06-30,1,27,1,2004,6,2,2,Summer,108,2,1,25.0,11376.0,21007219.45,16.860376767543762
1530,NJ,DR,Severe Storm,2004,2004-07-16,2,4,1,2004,7,3,4,Summer,28,383,4,297.0,16.0,7336081.44,15.808315530587029
1531,SD,DR,Severe Storm,2004,2004-07-20,10,53,0,2004,7,3,1,Summer,37,384,6,243.0,4.0,1058536.57,13.872398862550225
1532,MP,DR,Typhoon,2004,2004-07-29,3,32,0,2004,7,3,3,Summer,11,44,10,596.0,110.0,1907551.03,14.461331318308725
1533,GU,DR,Severe Storm,2004,2004-07-29,1,33,0,2004,7,3,3,Summer,12,385,0,599.0,9.0,918914.97,13.730949960813415
1534,NY,DR,Severe Storm,2004,2004-08-03,62,82,0,2004,8,3,1,Summer,63,386,7,153.0,5.0,18467322.38,16.73151342451095
1535,KS,DR,Severe Storm,2004,2004-08-03,29,52,0,2004,8,3,1,Summer,27,387,8,455.0,0.0,10223840.24,16.140232927309874
1537,KY,DR,Severe Storm,2004,2004-08-06,27,24,0,2004,8,3,4,Summer,49,388,13,57.0,3.0,3480126.79,15.062579572340816
1539,FL,DR,Hurricane,2004,2004-08-13,67,2,1,2004,8,3,4,Summer,105,148,19,381.0,325.0,621318240.89,20.247353975443076
1540,NV,DR,Fire,2004,2004-08-26,1,43,0,2004,8,3,3,Summer,44,596,30,1.0,1.0,6363307.89,15.666059065748287
1541,MP,DR,Typhoon,2004,2004-08-26,3,5,0,2004,8,3,3,Summer,12,45,11,28.0,28.0,6318747.34,15.659031699040696
1542,IN,DR,Severe Storm,2004,2004-09-01,20,60,0,2004,9,3,2,Autumn,32,391,12,90.0,26.0,2938692.08,14.893475509869596
1543,SC,DR,Hurricane,2004,2004-09-01,2,18,0,2004,9,3,2,Autumn,15,149,6,201.0,19.0,2459661.18,14.715534573275324
1544,VA,DR,Severe Storm,2004,2004-09-03,12,4,1,2004,9,3,4,Autumn,44,392,10,80.0,2.0,20778798.61,16.8494437753643
1545,FL,DR,Hurricane,2004,2004-09-04,67,1,1,2004,9,3,5,Autumn,106,150,20,22.0,3.0,684565201.75,20.344294454182506
1546,NC,DR,Hurricane,2004,2004-09-10,35,3,1,2004,9,3,4,Autumn,38,151,15,358.0,6.0,18342779.53,16.724746623442705
1547,SC,DR,Severe Storm,2004,2004-09-15,3,18,0,2004,9,3,2,Autumn,16,393,1,14.0,12.0,12915904.57,16.373970099746554
1548,LA,DR,Hurricane,2004,2004-09-15,29,2,1,2004,9,3,2,Autumn,52,152,12,99.0,5.0,9149067.72,16.029162652836874
1549,AL,DR,Hurricane,2004,2004-09-15,67,2,1,2004,9,3,2,Autumn,58,153,7,492.0,0.0,225209278.78,19.232540660219197
1550,MS,DR,Hurricane,2004,2004-09-15,44,2,1,2004,9,3,2,Autumn,47,154,7,481.0,0.0,14731558.59,16.505502661313376
1551,FL,DR,Hurricane,2004,2004-09-16,45,3,1,2004,9,3,3,Autumn,107,155,21,12.0,1.0,694725681.22,20.359027623772064
1552,PR,DR,Severe Storm,2004,2004-09-17,78,3,1,2004,9,3,4,Autumn,22,394,3,301.0,2.0,41290464.54,17.53614217268367
1553,NC,DR,Hurricane,2004,2004-09-18,29,2,1,2004,9,3,5,Autumn,39,156,16,8.0,2.0,32672345.73,17.302039612341247
1554,GA,DR,Hurricane,2004,2004-09-18,31,4,1,2004,9,3,5,Autumn,35,157,3,1214.0,0.0,11948334.44,16.296102532915672
1556,OH,DR,Severe Storm,2004,2004-09-19,88,23,1,2004,9,3,6,Autumn,41,396,15,108.0,0.0,26098538.71,17.077389920919245
1557,PA,DR,Hurricane,2004,2004-09-19,67,2,1,2004,9,3,6,Autumn,42,158,2,0.0,1.0,85750454.48,18.266951955716333
1558,WV,DR,Severe Storm,2004,2004-09-20,22,4,1,2004,9,3,0,Autumn,43,397,10,45.0,1.0,16165357.09,16.59838112107695
1559,VT,DR,Severe Storm,2004,2004-09-23,7,42,0,2004,9,3,3,Autumn,23,398,8,377.0,3.0,2378815.11,14.682113489113823
1560,GA,DR,Hurricane,2004,2004-09-24,80,21,1,2004,9,3,4,Autumn,36,159,4,6.0,5.0,15370737.19,16.54797614233805
1561,FL,DR,Hurricane,2004,2004-09-26,53,2,1,2004,9,3,6,Autumn,108,160,22,10.0,2.0,521744830.96,20.072689198668886
1562,KS,DR,Severe Storm,2004,2004-09-30,2,34,0,2004,9,3,3,Autumn,28,399,9,58.0,7.0,1681016.32,14.334909715728513
1563,NJ,DR,Severe Storm,2005,2004-10-01,4,13,0,2004,10,4,4,Autumn,29,400,5,77.0,1.0,4345642.91,15.2846845013289
1564,NY,DR,Severe Storm,2005,2004-10-01,18,49,0,2004,10,4,4,Autumn,64,401,8,59.0,0.0,14073071.99,16.45977381249265
1565,NY,DR,Severe Storm,2005,2004-10-01,9,15,0,2004,10,4,4,Autumn,65,402,9,0.0,0.0,11568620.93,16.26380698490231
1567,VI,DR,Hurricane,2005,2004-10-07,3,23,0,2004,10,4,3,Autumn,16,162,9,303.0,0.0,1680901.55,14.334841439264775
1568,TN,DR,Severe Storm,2005,2004-10-07,15,21,0,2004,10,4,3,Autumn,43,403,16,436.0,6.0,6016293.51,15.60998209786837
1569,MN,DR,Severe Storm,2005,2004-10-07,7,23,0,2004,10,4,3,Autumn,46,404,12,846.0,0.0,4090230.11,15.224112032535043
1572,DE,DR,Severe Storm,2005,2004-11-15,1,48,0,2004,11,4,0,Autumn,12,406,2,419.0,28.0,851424.65,13.654667458772279
1571,AK,DR,Severe Storm,2005,2004-11-15,6,28,0,2004,11,4,0,Autumn,36,407,5,75.0,0.0,12389422.41,16.332353715799293
3197,IN,EM,Snowstorm,2005,2005-01-11,50,21,0,2005,1,1,1,Winter,33,103,4,132.0,284.0,5880874.91,15.587216273066446
3198,OH,EM,Snowstorm,2005,2005-01-11,26,20,0,2005,1,1,1,Winter,42,104,2,114.0,0.0,8712342.27,15.980251344792984
1573,IN,DR,Severe Storm,2005,2005-01-21,87,20,1,2005,1,1,4,Winter,34,408,13,10.0,67.0,18450486.4,16.73060134544605
1574,WV,DR,Severe Storm,2005,2005-02-01,6,28,0,2005,2,1,1,Winter,44,409,11,134.0,11.0,8869563.25,15.998136226810708
1575,HI,DR,Severe Storm,2005,2005-02-01,1,94,0,2005,2,1,1,Winter,27,410,2,140.0,0.0,18733965.349999998,16.745848816550176
1576,UT,DR,Severe Storm,2005,2005-02-01,2,24,0,2005,2,1,1,Winter,12,411,0,230.0,0.0,6776550.9,15.728978961229805
3199,IL,EM,Snowstorm,2005,2005-02-01,16,42,0,2005,2,1,1,Winter,42,105,3,284.0,21.0,914586.73,13.726228674415248
1577,CA,DR,Severe Storm,2005,2005-02-04,8,39,0,2005,2,1,4,Winter,126,412,4,144.0,3.0,197753839.47,19.10253358525784
1579,KS,DR,Severe Storm,2005,2005-02-08,38,35,0,2005,2,1,1,Winter,29,413,10,131.0,4.0,82381461.43,18.22687099906033
1578,KY,DR,Snowstorm,2005,2005-02-08,30,49,0,2005,2,1,1,Winter,50,106,3,186.0,7.0,2742021.94,14.824206505225492
1580,OH,DR,Severe Storm,2005,2005-02-15,62,55,0,2005,2,1,1,Winter,43,414,16,35.0,7.0,98532498.74,18.405896998320895
1581,AZ,DR,Severe Storm,2005,2005-02-17,8,51,0,2005,2,1,3,Winter,44,415,3,234.0,2.0,6169589.01,15.635142944727226
3200,CT,EM,Snowstorm,2005,2005-02-17,8,26,0,2005,2,1,3,Winter,15,107,5,399.0,9.0,12564859.85,16.346414654485457
3201,MA,EM,Snowstorm,2005,2005-02-17,14,26,0,2005,2,1,3,Winter,26,108,6,302.0,0.0,49945078.21,17.726434543891667
3202,NV,EM,Snowstorm,2005,2005-02-17,15,50,0,2005,2,1,3,Winter,45,109,0,175.0,0.0,1706333.77,14.349858218732576
3203,RI,EM,Snowstorm,2005,2005-02-17,5,26,0,2005,2,1,3,Winter,11,110,5,693.0,0.0,6336868.61,15.66189545211164
1582,AS,DR,Typhoon,2005,2005-02-18,5,3,1,2005,2,1,4,Winter,9,46,3,402.0,176.0,5662484.54,15.549373495127782
3204,NV,EM,Snowstorm,2005,2005-02-23,16,48,0,2005,2,1,2,Winter,46,111,1,6.0,6.0,2496679.31,14.730472531429854
1583,NV,DR,Severe Storm,2005,2005-03-07,2,59,0,2005,3,1,0,Spring,47,416,2,12.0,18.0,3947949.93,15.188707250380254
1584,AK,DR,Severe Storm,2005,2005-03-14,1,66,0,2005,3,1,0,Spring,37,417,6,119.0,7.0,2459682.69,14.715543318340448
3205,ME,EM,Snowstorm,2005,2005-03-14,2,51,0,2005,3,1,0,Spring,35,112,6,403.0,19.0,1498692.53,14.22010430654897
3206,ME,EM,Snowstorm,2005,2005-03-14,13,32,0,2005,3,1,0,Spring,36,113,7,0.0,0.0,3998836.12,15.201514156816913
3207,NH,EM,Snowstorm,2005,2005-03-30,9,67,0,2005,3,1,2,Spring,21,114,4,440.0,16.0,3658114.66,15.112458725803792
3208,NH,EM,Snowstorm,2005,2005-03-30,5,48,0,2005,3,1,2,Spring,22,115,5,0.0,0.0,1121727.2,13.930381089729174
3209,ME,EM,Snowstorm,2005,2005-04-01,9,23,0,2005,4,2,4,Spring,37,116,8,18.0,2.0,3261706.85,14.997761496533576
1586,AZ,DR,Severe Storm,2005,2005-04-14,12,63,0,2005,4,2,3,Spring,45,418,4,56.0,31.0,9947162.42,16.112797985073687
1587,PA,DR,Severe Storm,2005,2005-04-14,11,12,1,2005,4,2,3,Spring,43,419,11,207.0,0.0,18924043.7,16.755943877810285
1585,CA,DR,Severe Storm,2005,2005-04-14,7,57,0,2005,4,2,3,Spring,127,420,5,69.0,0.0,77744409.59,18.16893721692176
1589,NY,DR,Severe Storm,2005,2005-04-19,21,17,0,2005,4,2,1,Spring,66,421,10,200.0,5.0,52006527.17,17.766879810396766
3210,ME,EM,Snowstorm,2005,2005-04-21,3,41,0,2005,4,2,3,Spring,38,117,9,20.0,20.0,1296770.22,14.075388056066648
3211,NH,EM,Snowstorm,2005,2005-04-28,5,48,0,2005,4,2,3,Spring,23,118,6,29.0,7.0,2112182.0100000002,14.563232572516302
1590,NE,DR,Severe Storm,2005,2005-06-23,11,43,0,2005,6,2,3,Summer,30,423,8,394.0,65.0,1688466.03,14.339331592410428
1591,ME,DR,Severe Storm,2005,2005-06-29,13,92,0,2005,6,2,2,Summer,39,424,9,69.0,6.0,7029000.46,15.765555213868932
1592,ID,DR,Flood,2005,2005-07-06,2,61,0,2005,7,3,2,Summer,21,669,9,1769.0,441.0,1920353.94,14.468020591501945
1593,AL,DR,Hurricane,2005,2005-07-10,46,0,1,2005,7,3,6,Summer,59,163,8,298.0,276.0,20453643.03,16.833671616754785
1594,MS,DR,Hurricane,2005,2005-07-10,42,0,1,2005,7,3,6,Summer,48,164,8,298.0,0.0,1735638.96,14.366886756379479
1595,FL,DR,Hurricane,2005,2005-07-10,20,3,1,2005,7,3,6,Summer,109,165,23,287.0,0.0,199093864.13,19.109286955551156
1596,SD,DR,Severe Storm,2005,2005-07-22,7,45,0,2005,7,3,4,Summer,41,425,7,6.0,23.0,677994.86,13.4268964607092
1597,ND,DR,Severe Storm,2005,2005-07-22,29,51,0,2005,7,3,4,Summer,35,426,8,443.0,0.0,14422796.32,16.484320659911962
1598,UT,DR,Flood,2005,2005-08-01,9,95,0,2005,8,3,0,Summer,14,670,4,35.0,26.0,1993482.41,14.505394123722267
1600,KS,DR,Severe Storm,2005,2005-08-23,3,54,0,2005,8,3,1,Summer,30,427,11,196.0,32.0,3444836.86,15.052387396010243
1601,LA,DR,Severe Storm,2005,2005-08-23,5,49,0,2005,8,3,1,Summer,53,428,9,342.0,0.0,2908730.63,14.883227678151107
1602,FL,DR,Hurricane,2005,2005-08-28,11,4,1,2005,8,3,6,Summer,110,168,24,49.0,0.0,188857247.60999998,19.056501989282616
1603,LA,DR,Hurricane,2005,2005-08-29,64,0,1,2005,8,3,0,Summer,55,170,14,2.0,1.0,13624447376.95,23.33513161725665
1604,MS,DR,Hurricane,2005,2005-08-29,82,0,1,2005,8,3,0,Summer,50,171,10,1.0,0.0,3242586650.2,21.89963719737529
1605,AL,DR,Hurricane,2005,2005-08-29,22,0,1,2005,8,3,0,Summer,61,172,10,1.0,0.0,118836230.62,18.593256898362213
3215,AR,EM,Hurricane,2005,2005-09-02,75,4,1,2005,9,3,4,Autumn,46,173,0,429.0,4.0,45961869.46,17.643322707679804
3216,TX,EM,Hurricane,2005,2005-09-02,254,4,1,2005,9,3,4,Autumn,199,174,10,778.0,0.0,521234045.14,20.071709723683224
3224,CO,EM,Coastal Storm,2005,2005-09-05,64,7,1,2005,9,3,0,Autumn,54,16,0,57.0,1075.0,13295010.89,16.402899476980032
3223,UT,EM,Coastal Storm,2005,2005-09-05,29,7,1,2005,9,3,0,Autumn,15,17,0,35.0,0.0,2209668.18,14.608353369981232
3222,NC,EM,Hurricane,2005,2005-09-05,100,7,1,2005,9,3,0,Autumn,40,175,17,352.0,3.0,2401003.17,14.691397611978225
3221,WV,EM,Hurricane,2005,2005-09-05,55,7,1,2005,9,3,0,Autumn,45,176,2,216.0,0.0,835173.87,13.635396407056307
3218,GA,EM,Hurricane,2005,2005-09-05,159,9,1,2005,9,3,0,Autumn,37,177,5,346.0,0.0,9437931.88,16.06024753956698
3219,OK,EM,Hurricane,2005,2005-09-05,77,7,1,2005,9,3,0,Autumn,64,178,0,776.0,0.0,12749960.379999999,16.361038800544513
3217,TN,EM,Hurricane,2005,2005-09-05,95,7,1,2005,9,3,0,Autumn,44,179,0,333.0,0.0,34877040.15,17.367339323991697
3220,FL,EM,Hurricane,2005,2005-09-05,67,7,1,2005,9,3,0,Autumn,111,180,25,8.0,0.0,3863212.4,15.167009882162498
3229,NM,EM,Hurricane,2005,2005-09-07,33,9,1,2005,9,3,2,Autumn,44,181,0,446.0,2.0,1058141.63,13.872025693278283
3230,IL,EM,Hurricane,2005,2005-09-07,102,9,1,2005,9,3,2,Autumn,43,182,0,218.0,0.0,4586822.7,15.338698338133897
3227,WA,EM,Coastal Storm,2005,2005-09-07,39,9,1,2005,9,3,2,Autumn,80,18,0,31.0,2.0,1755196.66,14.37809203532081
3225,MI,EM,Hurricane,2005,2005-09-07,83,9,1,2005,9,3,2,Autumn,31,183,0,434.0,0.0,2109316.59,14.56187503608006
3226,DC,EM,Hurricane,2005,2005-09-07,1,9,1,2005,9,3,2,Autumn,9,184,1,718.0,0.0,1929990.02,14.473025908020503
3228,OR,EM,Coastal Storm,2005,2005-09-07,36,9,1,2005,9,3,2,Autumn,64,19,0,13.0,0.0,940482.93,13.75414984092121
3231,KY,EM,Hurricane,2005,2005-09-10,120,12,1,2005,9,3,5,Autumn,51,185,0,214.0,3.0,2013405.59,14.515338666342531
3232,MO,EM,Hurricane,2005,2005-09-10,115,12,1,2005,9,3,5,Autumn,36,186,0,456.0,0.0,1816043.1,14.41217112198949
3233,SC,EM,Hurricane,2005,2005-09-10,46,12,1,2005,9,3,5,Autumn,18,187,8,338.0,0.0,5615772.23,15.541089844599014
3234,SD,EM,Coastal Storm,2005,2005-09-10,66,4,1,2005,9,3,5,Autumn,42,20,0,50.0,3.0,219505.78999999998,12.299138444959693
3235,PA,EM,Hurricane,2005,2005-09-10,67,12,1,2005,9,3,5,Autumn,44,188,3,149.0,0.0,4055301.01,15.215535721179972
3236,KS,EM,Hurricane,2005,2005-09-10,105,9,1,2005,9,3,5,Autumn,31,189,0,18.0,0.0,163068.54,12.001932014576873
3237,AL,EM,Hurricane,2005,2005-09-10,67,12,1,2005,9,3,5,Autumn,62,190,11,12.0,0.0,3021165.33,14.921153516781015
3238,IN,EM,Hurricane,2005,2005-09-10,92,12,1,2005,9,3,5,Autumn,35,191,0,232.0,0.0,2130479.17,14.571857944204533
3239,IA,EM,Hurricane,2005,2005-09-10,99,12,1,2005,9,3,5,Autumn,36,192,0,473.0,0.0,244047.59,12.405122623793995
3241,AZ,EM,Hurricane,2005,2005-09-12,15,14,1,2005,9,3,0,Autumn,52,193,0,52.0,2.0,5726164.109999999,15.56055659936244
3240,VA,EM,Hurricane,2005,2005-09-12,134,14,1,2005,9,3,0,Autumn,46,194,7,329.0,0.0,277442.24,12.533371650706817
3251,MD,EM,Hurricane,2005,2005-09-13,24,15,1,2005,9,3,1,Autumn,19,195,3,725.0,1.0,1565130.68,14.263480518991852
3250,OH,EM,Hurricane,2005,2005-09-13,88,15,1,2005,9,3,1,Autumn,44,196,0,210.0,0.0,2578513.02,14.762723829728099
3253,MT,EM,Hurricane,2005,2005-09-13,56,15,1,2005,9,3,1,Autumn,44,197,0,754.0,0.0,119960.41,11.69492538671184
3252,MA,EM,Hurricane,2005,2005-09-13,14,15,1,2005,9,3,1,Autumn,27,198,4,208.0,0.0,5855580.7299999995,15.582905906184356
3249,WI,EM,Hurricane,2005,2005-09-13,73,15,1,2005,9,3,1,Autumn,36,199,0,452.0,0.0,1257576.1199999999,14.044697507107353
3248,CA,EM,Hurricane,2005,2005-09-13,58,15,1,2005,9,3,1,Autumn,131,200,0,8.0,0.0,988951.24,13.804401318235556
3247,ND,EM,Coastal Storm,2005,2005-09-13,53,15,1,2005,9,3,1,Autumn,36,21,0,53.0,3.0,24233.27,10.09552302610103
3246,CT,EM,Hurricane,2005,2005-09-13,8,15,1,2005,9,3,1,Autumn,16,201,5,208.0,0.0,684198.67,13.436005069210413
3245,NE,EM,Hurricane,2005,2005-09-13,93,15,1,2005,9,3,1,Autumn,31,202,0,82.0,0.0,393813.27,12.88363468119899
3244,ID,EM,Hurricane,2005,2005-09-13,44,15,1,2005,9,3,1,Autumn,22,203,0,69.0,0.0,220229.12,12.30242827865768
3243,NV,EM,Hurricane,2005,2005-09-13,17,15,1,2005,9,3,1,Autumn,53,204,0,15.0,0.0,1247816.81,14.036906831677655
3242,MN,EM,Hurricane,2005,2005-09-13,87,15,1,2005,9,3,1,Autumn,47,205,0,341.0,0.0,2509186.11,14.735469398096042
3254,NC,EM,Hurricane,2005,2005-09-14,37,3,1,2005,9,3,2,Autumn,41,206,18,9.0,1.0,5247453.97,15.473253749410949
3258,NH,EM,Hurricane,2005,2005-09-19,10,21,1,2005,9,3,0,Autumn,24,207,2,144.0,5.0,9887.4,9.199117631953703
3257,NJ,EM,Hurricane,2005,2005-09-19,21,21,1,2005,9,3,0,Autumn,31,208,4,153.0,0.0,365303.68,12.808487024089208
3256,ME,EM,Hurricane,2005,2005-09-19,15,21,1,2005,9,3,0,Autumn,40,209,3,82.0,0.0,51276.45,10.845006363369045
3255,RI,EM,Hurricane,2005,2005-09-19,5,21,1,2005,9,3,0,Autumn,12,210,4,214.0,0.0,1131503.2999999998,13.939058544313642
3259,FL,EM,Hurricane,2005,2005-09-20,4,2,1,2005,9,3,1,Autumn,112,211,26,15.0,1.0,7564682.26,15.839001035193887
3261,TX,EM,Hurricane,2005,2005-09-21,255,1,1,2005,9,3,2,Autumn,200,213,11,19.0,0.0,6325153.06,15.660044949593477
1606,TX,DR,Hurricane,2005,2005-09-24,254,1,1,2005,9,3,5,Autumn,201,214,12,3.0,3.0,368707480.58,19.725514154780434
1607,LA,DR,Hurricane,2005,2005-09-24,64,1,1,2005,9,3,5,Autumn,57,215,16,3.0,0.0,662538593.77,20.311589370384425
3263,DE,EM,Hurricane,2005,2005-09-30,3,32,1,2005,9,3,4,Autumn,13,216,3,319.0,6.0,100286.15,11.515792850089476
3262,NY,EM,Hurricane,2005,2005-09-30,62,32,1,2005,9,3,4,Autumn,67,217,7,164.0,0.0,2791192.89,14.841979979829663
1608,NC,DR,Hurricane,2006,2005-10-07,10,26,0,2005,10,4,4,Autumn,42,218,19,23.0,7.0,16930394.26,16.644621100558584
3264,MA,EM,Severe Storm,2006,2005-10-19,1,12,1,2005,10,4,2,Autumn,28,429,1,36.0,57.0,595026.34,13.296362633051949
1609,FL,DR,Hurricane,2006,2005-10-24,20,1,1,2005,10,4,0,Autumn,113,219,27,34.0,17.0,1490612698.71,21.122453080240057
1610,NH,DR,Severe Storm,2006,2005-10-26,6,19,0,2005,10,4,2,Autumn,25,430,3,37.0,7.0,12323208.17,16.32699496672735
1611,MP,DR,Typhoon,2006,2005-11-08,3,70,0,2005,11,4,1,Autumn,13,47,12,439.0,263.0,1046597.39,13.86105583460452
1612,IN,DR,Tornado,2006,2005-11-08,2,2,0,2005,11,4,1,Autumn,36,150,3,59.0,78.0,2549244.03,14.751307806631553
1614,MA,DR,Severe Storm,2006,2005-11-10,11,34,0,2005,11,4,3,Autumn,29,431,2,22.0,15.0,7209905.36,15.790966521659456
1613,PR,DR,Severe Storm,2006,2005-11-10,17,32,0,2005,11,4,3,Autumn,23,432,4,419.0,0.0,11808758.52,16.284352146247013
1615,KS,DR,Severe Storm,2006,2005-11-15,5,45,0,2005,11,4,1,Autumn,32,433,12,66.0,5.0,8125543.46,15.910523294396514
1616,ND,DR,Snowstorm,2006,2005-11-21,21,48,0,2005,11,4,0,Autumn,37,119,2,69.0,207.0,2018977.77,14.518102382133202
1618,AK,DR,Severe Storm,2006,2005-12-09,4,78,0,2005,12,4,4,Winter,38,435,7,270.0,8.0,1433724.02,14.175786524431741
1619,CT,DR,Severe Storm,2006,2005-12-16,5,63,0,2005,12,4,4,Winter,17,436,0,94.0,7.0,3745866.64,15.136163827672652
1620,SD,DR,Severe Storm,2006,2005-12-20,26,23,0,2005,12,4,1,Winter,43,437,8,101.0,4.0,24647036.04,17.02016725001119
1621,ND,DR,Severe Storm,2006,2006-01-04,4,38,0,2006,1,1,2,Winter,38,438,9,44.0,15.0,2011233.65,14.514259345189997
1622,MN,DR,Severe Storm,2006,2006-01-04,9,38,0,2006,1,1,2,Winter,48,439,13,113.0,0.0,8233803.37,15.923758722224788
1623,OK,DR,Fire,2006,2006-01-10,77,44,1,2006,1,1,1,Winter,84,663,36,1.0,1.0,9864207.68,16.1044234793203
1624,TX,DR,Fire,2006,2006-01-11,254,45,1,2006,1,1,2,Winter,211,664,131,3.0,1.0,34339807.01,17.35181582256183
1625,SC,DR,Severe Ice Storm,2006,2006-01-20,7,36,0,2006,1,1,4,Winter,19,28,2,132.0,707.0,11363505.73,16.245917614643137
1626,KS,DR,Severe Storm,2006,2006-01-26,17,60,0,2006,1,1,3,Winter,33,440,13,72.0,22.0,38376189.28,17.46294778045902
1627,NE,DR,Severe Storm,2006,2006-01-26,29,60,0,2006,1,1,3,Winter,32,441,9,135.0,0.0,5444137.27,15.510050041034923
1628,CA,DR,Severe Storm,2006,2006-02-03,31,48,0,2006,2,1,4,Winter,136,442,6,77.0,8.0,155033271.78,18.85915031494347
1629,NV,DR,Severe Storm,2006,2006-02-03,8,34,0,2006,2,1,4,Winter,54,443,3,143.0,0.0,7811177.63,15.871066423361796
3265,ME,EM,Snowstorm,2006,2006-02-24,1,61,0,2006,2,1,4,Winter,41,120,10,158.0,95.0,566376.6900000001,13.247016431461581
1630,ID,DR,Severe Storm,2006,2006-02-27,1,59,0,2006,2,1,0,Winter,23,444,3,167.0,24.0,1127372.02,13.935400723174196
1631,MO,DR,Severe Storm,2006,2006-03-16,41,8,0,2006,3,1,3,Spring,37,445,11,187.0,17.0,5542251.12,15.527911495972253
1632,OR,DR,Severe Storm,2006,2006-03-20,20,92,0,2006,3,1,0,Spring,65,446,5,194.0,4.0,7675833.1,15.85358752305699
1633,IL,DR,Severe Storm,2006,2006-03-28,6,17,0,2006,3,1,1,Spring,44,447,15,202.0,8.0,11106162.120000001,16.223010748232106
1635,MO,DR,Severe Storm,2006,2006-04-05,7,6,0,2006,4,2,2,Spring,38,448,12,20.0,8.0,16315312.350000001,16.607614694077036
1634,TN,DR,Severe Storm,2006,2006-04-05,15,3,1,2006,4,2,2,Spring,45,449,17,212.0,0.0,12467516.5,16.338637220050916
1636,AR,DR,Severe Storm,2006,2006-04-12,7,11,0,2006,4,2,2,Spring,47,450,10,222.0,7.0,2291252.12,14.644609439837252
1638,KS,DR,Severe Storm,2006,2006-04-13,2,32,0,2006,4,2,3,Spring,35,452,14,14.0,0.0,4911052.7700000005,15.40699909385169
3266,CT,EM,Snowstorm,2006,2006-05-02,5,80,0,2006,5,2,1,Spring,18,121,6,137.0,67.0,9994559.290000001,16.11755153195242
1640,HI,DR,Severe Storm,2006,2006-05-02,2,71,0,2006,5,2,1,Spring,32,453,3,256.0,19.0,8101151.03,15.907516835455445
1641,WA,DR,Severe Storm,2006,2006-05-17,11,110,0,2006,5,2,2,Spring,81,454,6,252.0,15.0,6590429.07,15.701129165350801
1642,MA,DR,Severe Storm,2006,2006-05-25,3,13,0,2006,5,2,3,Spring,30,455,3,196.0,8.0,18869100.9,16.753036322147448
1643,NH,DR,Severe Storm,2006,2006-05-25,7,13,0,2006,5,2,3,Spring,26,456,4,211.0,0.0,14517058.0,16.4908349986359
1644,ME,DR,Severe Storm,2006,2006-05-25,1,12,0,2006,5,2,3,Spring,42,457,10,90.0,0.0,3796953.69,15.149709906037657
1647,SD,DR,Severe Storm,2006,2006-06-05,6,48,0,2006,6,2,0,Summer,44,458,9,167.0,11.0,3177445.62,14.971588482534061
1648,MN,DR,Flood,2006,2006-06-05,9,67,0,2006,6,2,0,Summer,49,671,19,152.0,308.0,7133584.35,15.780324520139153
1645,ND,DR,Severe Storm,2006,2006-06-05,12,67,0,2006,6,2,0,Summer,39,459,10,152.0,0.0,7397238.64,15.816617466962905
1646,CA,DR,Severe Storm,2006,2006-06-05,17,68,0,2006,6,2,0,Summer,138,460,7,119.0,0.0,35345593.31,17.380684311988198
1649,PA,DR,Severe Storm,2006,2006-06-30,28,7,1,2006,6,2,4,Summer,45,461,12,293.0,25.0,83647569.55,18.242122941938888
1650,NY,DR,Severe Storm,2006,2006-07-01,21,5,1,2006,7,3,5,Summer,68,462,11,274.0,1.0,218023564.9,19.200113715369646
1652,MD,DR,Severe Storm,2006,2006-07-02,3,10,1,2006,7,3,6,Summer,20,464,4,292.0,0.0,8319611.16,15.934126196326245
1654,DE,DR,Severe Storm,2006,2006-07-05,1,12,1,2006,7,3,2,Summer,14,465,3,278.0,3.0,544872.13,13.208308257554993
1653,NJ,DR,Severe Storm,2006,2006-07-07,4,14,1,2006,7,3,4,Summer,32,466,7,291.0,2.0,2288893.44,14.643579481663368
1655,VA,DR,Severe Storm,2006,2006-07-13,16,20,0,2006,7,3,3,Summer,48,467,12,89.0,6.0,7165847.04,15.78483697092864
3267,MO,EM,Severe Storm,2006,2006-07-21,8,2,0,2006,7,3,4,Summer,39,468,13,107.0,8.0,11028992.5,16.216038135932774
1656,OH,DR,Severe Storm,2006,2006-08-01,3,5,1,2006,8,3,1,Summer,46,469,18,30.0,11.0,7497846.71,15.830126565322194
1657,AK,DR,Flood,2006,2006-08-04,3,83,0,2006,8,3,4,Summer,40,672,8,57.0,60.0,989300.06,13.804753972775412
1658,TX,DR,Severe Storm,2006,2006-08-15,2,19,1,2006,8,3,1,Summer,220,470,12,49.0,14.0,7110960.86,15.777148075329967
1659,NM,DR,Severe Storm,2006,2006-08-30,20,35,1,2006,8,3,2,Summer,50,471,3,70.0,15.0,32729230.03,17.303779151853675
1660,AZ,DR,Severe Storm,2006,2006-09-07,11,44,0,2006,9,3,3,Autumn,57,472,5,81.0,8.0,10987157.81,16.2122377679337
1661,VA,DR,Severe Storm,2006,2006-09-22,26,24,0,2006,9,3,4,Autumn,49,473,13,71.0,15.0,37318018.45,17.4349868631354
1663,AK,DR,Severe Storm,2007,2006-10-16,3,62,0,2006,10,4,0,Autumn,41,475,8,73.0,10.0,9244653.95,16.039556099229614
1664,HI,DR,Earthquake,2007,2006-10-17,4,2,1,2006,10,4,1,Autumn,34,23,3,45.0,1008.0,20133549.6,16.817898165569435
1665,NY,DR,Severe Storm,2007,2006-10-24,4,12,1,2006,10,4,1,Autumn,70,476,12,9.0,8.0,142950351.35,18.778007941577407
1666,AK,DR,Fire,2007,2006-10-27,1,85,0,2006,10,4,4,Autumn,42,727,15,11.0,1.0,3058863.9400000004,14.93355447047477
1667,MO,DR,Severe Storm,2007,2006-11-02,1,106,0,2006,11,4,3,Autumn,40,477,14,104.0,9.0,669950.54,13.414960660393119
1668,LA,DR,Severe Storm,2007,2006-11-02,24,17,1,2006,11,4,3,Autumn,58,478,10,404.0,0.0,10048433.39,16.122927398244517
1669,AK,DR,Severe Storm,2007,2006-12-08,3,61,0,2006,12,4,4,Winter,43,479,9,42.0,36.0,9259587.19,16.041170133711212
1671,WA,DR,Severe Storm,2007,2006-12-12,14,40,0,2006,12,4,1,Winter,85,480,7,92.0,4.0,29353382.82,17.194918389585954
1670,NY,DR,Severe Storm,2007,2006-12-12,9,26,0,2006,12,4,1,Winter,71,481,13,49.0,0.0,30211460.16,17.223731918959192
1672,OR,DR,Severe Storm,2007,2006-12-29,4,54,0,2006,12,4,4,Winter,68,482,6,155.0,17.0,4340014.32,15.283388436024275
1673,MO,DR,Severe Storm,2007,2006-12-29,14,29,0,2006,12,4,4,Winter,41,483,15,57.0,0.0,6654356.69,15.710782489751484
3269,IL,EM,Snowstorm,2007,2006-12-29,26,29,0,2006,12,4,4,Winter,45,123,4,276.0,75.0,6321398.92,15.659451247923249
1674,NE,DR,Severe Storm,2007,2007-01-07,59,19,0,2007,1,1,6,Winter,36,484,10,162.0,9.0,126020638.49,18.65195625697729
1675,KS,DR,Severe Storm,2007,2007-01-07,44,10,0,2007,1,1,6,Winter,36,485,15,269.0,0.0,240543591.66,19.298411889546298
3270,CO,EM,Snowstorm,2007,2007-01-07,16,20,0,2007,1,1,6,Winter,58,124,1,128.0,9.0,8682942.209999999,15.97687110865516
3271,CO,EM,Snowstorm,2007,2007-01-07,10,10,0,2007,1,1,6,Winter,59,125,2,0.0,0.0,1342154.8800000001,14.109787744760844
3272,OK,EM,Severe Ice Storm,2007,2007-01-14,77,2,1,2007,1,1,6,Winter,96,29,4,276.0,359.0,2140920.65,14.576746971853161
1676,MO,DR,Severe Ice Storm,2007,2007-01-15,39,3,1,2007,1,1,0,Winter,42,30,1,17.0,1.0,106489361.85,18.483555658782755
1677,OK,DR,Severe Storm,2007,2007-02-01,3,35,0,2007,2,1,3,Winter,97,486,13,18.0,25.0,6768439.14,15.727781210659584
1678,OK,DR,Severe Storm,2007,2007-02-01,48,20,0,2007,2,1,3,Winter,98,487,14,0.0,0.0,75907440.62,18.145025282619045
1679,FL,DR,Severe Storm,2007,2007-02-03,4,2,0,2007,2,1,5,Winter,115,488,13,264.0,2.0,10277638.09,16.145481131109445
1681,IL,DR,Severe Ice Storm,2007,2007-02-09,18,71,0,2007,2,1,4,Winter,46,31,1,42.0,25.0,22161738.37,16.913877908189058
1682,WA,DR,Severe Storm,2007,2007-02-14,19,62,0,2007,2,1,2,Winter,86,490,8,64.0,6.0,30495504.19,17.23308985989782
1683,OR,DR,Severe Storm,2007,2007-02-22,10,70,0,2007,2,1,3,Winter,69,491,7,55.0,8.0,5123596.48,15.449367383097323
1684,PA,DR,Severe Storm,2007,2007-02-23,8,99,0,2007,2,1,4,Winter,46,493,13,238.0,0.0,10161089.540000001,16.13407633096862
3273,NY,EM,Snowstorm,2007,2007-02-23,3,21,0,2007,2,1,4,Winter,72,126,17,73.0,47.0,2651852.36,14.790769334641467
1686,GA,DR,Severe Storm,2007,2007-03-03,16,2,0,2007,3,1,5,Spring,38,494,7,544.0,8.0,50926355.26,17.745891152221276
1687,AL,DR,Severe Storm,2007,2007-03-03,8,2,0,2007,3,1,5,Spring,63,495,24,539.0,0.0,10504493.93,16.16731381209541
3274,IN,EM,Snowstorm,2007,2007-03-12,49,28,0,2007,3,1,0,Spring,38,127,5,157.0,17.0,9199694.35,16.03468092734055
1688,IA,DR,Severe Storm,2007,2007-03-14,48,19,0,2007,3,1,2,Spring,37,496,7,550.0,11.0,65298112.71,17.994473707305698
3275,IA,EM,Snowstorm,2007,2007-03-30,30,30,0,2007,3,1,4,Spring,38,128,1,16.0,18.0,2865308.55,14.868186947669713
1691,ME,DR,Flood,2007,2007-04-20,4,35,0,2007,4,2,4,Spring,43,673,11,330.0,259.0,1264705.29,14.050350471367205
1692,NY,DR,Severe Storm,2007,2007-04-24,14,10,0,2007,4,2,1,Spring,73,498,14,60.0,22.0,85450722.12,18.263450429982754
1693,ME,DR,Severe Storm,2007,2007-04-25,13,10,0,2007,4,2,2,Spring,44,499,11,5.0,1.0,25970764.29,17.072482051437326
1694,NJ,DR,Severe Storm,2007,2007-04-26,15,12,0,2007,4,2,3,Spring,33,500,8,293.0,1.0,18371023.29,16.726285214482786
1695,NH,DR,Severe Storm,2007,2007-04-27,10,12,0,2007,4,2,4,Spring,27,501,5,337.0,1.0,23338474.28,16.965613856210666
1696,WV,DR,Severe Storm,2007,2007-05-01,18,17,0,2007,5,2,1,Spring,46,502,12,603.0,4.0,6708389.88,15.71886967094909
1698,VT,DR,Severe Storm,2007,2007-05-04,8,19,0,2007,5,2,4,Spring,24,504,9,953.0,3.0,3613199.02,15.100104369793085
1699,KS,DR,Severe Storm,2007,2007-05-06,42,2,1,2007,5,2,6,Spring,37,505,16,119.0,2.0,88417525.39,18.29758077028681
1700,CT,DR,Severe Storm,2007,2007-05-11,7,26,0,2007,5,2,4,Spring,19,506,1,374.0,5.0,4901494.72,15.405050965481456
1701,MA,DR,Severe Storm,2007,2007-05-16,8,31,0,2007,5,2,2,Spring,31,507,4,356.0,5.0,8293850.39,15.931025001856055
1702,SD,DR,Severe Storm,2007,2007-05-22,27,18,1,2007,5,2,1,Spring,46,508,10,299.0,6.0,6226504.79,15.644325865039319
1703,KY,DR,Severe Storm,2007,2007-05-25,9,41,0,2007,5,2,4,Spring,53,509,15,540.0,3.0,3337757.27,15.020809962966297
1704,RI,DR,Severe Storm,2007,2007-05-25,1,40,0,2007,5,2,4,Spring,13,510,0,613.0,0.0,605080.13,13.313117827196042
1705,IA,DR,Severe Storm,2007,2007-05-25,19,20,0,2007,5,2,4,Spring,39,511,8,56.0,0.0,12170083.36,16.314491396739193
1706,NE,DR,Severe Storm,2007,2007-06-06,19,33,0,2007,6,2,2,Summer,37,512,11,150.0,12.0,6108982.81,15.625271001440145
1707,OK,DR,Severe Storm,2007,2007-06-07,27,34,0,2007,6,2,3,Summer,99,513,15,126.0,1.0,5918785.29,15.593641967259925
1708,MO,DR,Severe Storm,2007,2007-06-11,30,37,0,2007,6,2,0,Summer,43,514,16,147.0,4.0,7642230.07,15.84920014338085
1709,TX,DR,Severe Storm,2007,2007-06-29,78,13,1,2007,6,2,4,Summer,226,515,14,59.0,18.0,65111679.26,17.9916145113614
1710,NY,DR,Severe Storm,2007,2007-07-02,3,13,0,2007,7,3,0,Summer,74,516,15,69.0,3.0,12730455.97,16.359507866982785
1711,KS,DR,Severe Storm,2007,2007-07-02,23,6,1,2007,7,3,0,Summer,38,517,17,57.0,0.0,31798292.24,17.274923174611914
1712,OK,DR,Severe Storm,2007,2007-07-07,60,27,1,2007,7,3,5,Summer,100,518,16,30.0,5.0,24198371.44,17.001795934319773
1713,ND,DR,Severe Storm,2007,2007-07-17,13,45,0,2007,7,3,1,Summer,40,519,11,407.0,10.0,2959035.39,14.9003742293804
1714,NE,DR,Severe Storm,2007,2007-07-24,15,57,0,2007,7,3,1,Summer,38,520,12,48.0,7.0,2306258.83,14.651137649092513
3276,FM,EM,Drought,2007,2007-07-31,1,148,1,2007,7,3,1,Summer,20,45,2,1207.0,3406.0,79259.86,11.280499717051446
1715,VT,DR,Severe Storm,2007,2007-08-03,5,25,0,2007,8,3,4,Summer,25,521,10,91.0,10.0,4965837.94,15.418092811983023
1716,ME,DR,Severe Storm,2007,2007-08-08,1,28,0,2007,8,3,2,Summer,45,522,12,105.0,5.0,1692663.9000000001,14.341814708860108
3277,TX,EM,Hurricane,2007,2007-08-18,32,1,1,2007,8,3,5,Summer,227,220,13,50.0,663.0,15445270.99,16.55281349440961
3278,MN,EM,Other,2007,2007-08-21,1,20,0,2007,8,3,1,Summer,50,21,0,442.0,1428.0,3596274.0,15.095409145509516
1717,MN,DR,Severe Storm,2007,2007-08-23,8,5,1,2007,8,3,3,Summer,51,523,14,2.0,15.0,31395759.55,17.262183427432017
1718,OK,DR,Severe Storm,2007,2007-08-24,23,6,1,2007,8,3,4,Summer,101,524,17,48.0,1.0,15861253.38,16.579389861837914
1719,WI,DR,Severe Storm,2007,2007-08-26,14,8,1,2007,8,3,6,Summer,37,525,12,712.0,2.0,10331395.84,16.150698053638607
1720,OH,DR,Severe Storm,2007,2007-08-27,8,7,1,2007,8,3,0,Summer,47,526,19,391.0,1.0,10839996.92,16.198753362093836
1721,NE,DR,Severe Storm,2007,2007-08-29,6,79,0,2007,8,3,2,Summer,39,527,13,36.0,2.0,1315541.44,14.089759640439622
1723,OK,DR,Severe Storm,2007,2007-08-31,9,99,0,2007,8,3,4,Summer,102,529,18,7.0,1.0,1295072.88,14.074078301681524
1726,ND,DR,Severe Storm,2007,2007-09-07,1,12,0,2007,9,3,4,Autumn,41,531,12,52.0,7.0,7840102.06,15.874762537648353
1725,ND,DR,Severe Storm,2007,2007-09-07,2,54,0,2007,9,3,4,Autumn,42,532,13,0.0,0.0,733795.53,13.505987062083198
1727,IA,DR,Severe Storm,2007,2007-09-14,17,28,0,2007,9,3,4,Autumn,40,533,9,112.0,7.0,6271143.87,15.651469490837016
1728,MO,DR,Severe Storm,2007,2007-09-21,7,33,0,2007,9,3,4,Autumn,44,534,17,102.0,7.0,5569917.0,15.532890890071583
1729,IL,DR,Severe Storm,2007,2007-09-25,9,36,0,2007,9,3,1,Autumn,48,535,17,26.0,4.0,16803341.56,16.637088386487953
1731,CA,DR,Fire,2008,2007-10-24,7,3,1,2007,10,4,2,Autumn,165,790,103,1.0,1.0,139717974.59,18.75513648874841
1733,OR,DR,Severe Storm,2008,2007-12-08,12,7,1,2007,12,4,5,Winter,72,538,8,96.0,8.0,56069785.92,17.842107667842946
1734,WA,DR,Severe Storm,2008,2007-12-08,12,7,1,2007,12,4,5,Winter,90,539,9,78.0,0.0,61335357.98,17.9318670532076
1735,OK,DR,Severe Ice Storm,2008,2007-12-18,25,10,1,2007,12,4,1,Winter,104,34,6,8.0,6.0,99595264.7,18.41662518829256
1736,MO,DR,Severe Ice Storm,2008,2007-12-27,42,21,0,2007,12,4,3,Winter,46,35,3,15.0,9.0,24948743.74,17.032334067874114
1737,IA,DR,Severe Ice Storm,2008,2008-01-04,30,25,0,2008,1,1,4,Winter,41,36,1,112.0,8.0,28052065.58,17.14957286208543
1738,NV,DR,Severe Storm,2008,2008-01-08,1,3,1,2008,1,1,1,Winter,66,541,4,169.0,27.0,1112379.14,13.922012547892392
1739,NE,DR,Severe Ice Storm,2008,2008-01-11,8,32,0,2008,1,1,4,Winter,40,37,1,135.0,7.0,2895288.73,14.878595743428942
1740,IN,DR,Severe Storm,2008,2008-01-30,21,23,1,2008,1,1,2,Winter,40,542,16,61.0,22.0,4977755.86,15.420489917808021
1741,KS,DR,Severe Storm,2008,2008-02-01,60,57,0,2008,2,1,4,Winter,40,543,19,51.0,2.0,227086533.09,19.240841710249512
1742,MO,DR,Severe Storm,2008,2008-02-05,9,29,0,2008,2,1,1,Winter,47,544,18,40.0,4.0,1334506.76,14.104073062721762
1743,HI,DR,Severe Storm,2008,2008-02-06,3,64,0,2008,2,1,2,Winter,39,545,4,101.0,1.0,2629570.0,14.782331272978059
1744,AR,DR,Severe Storm,2008,2008-02-07,12,2,1,2008,2,1,3,Winter,48,546,11,666.0,1.0,4908799.07,15.406540084975124
1745,TN,DR,Severe Storm,2008,2008-02-07,19,2,0,2008,2,1,3,Winter,46,547,18,673.0,0.0,15633642.31,16.564935772483597
1746,KY,DR,Severe Storm,2008,2008-02-21,23,16,0,2008,2,1,3,Winter,54,548,16,272.0,14.0,4765349.85,15.37688172299992
1748,MO,DR,Severe Ice Storm,2008,2008-03-12,18,31,0,2008,3,1,2,Spring,48,38,4,36.0,61.0,10068998.77,16.124971932055363
3283,IL,EM,Snowstorm,2008,2008-03-13,8,37,0,2008,3,1,3,Spring,50,129,5,6.0,349.0,5212295.23,15.466531051759112
1749,MO,DR,Severe Storm,2008,2008-03-19,71,2,1,2008,3,1,2,Spring,49,550,19,7.0,12.0,26045574.61,17.075358469512338
3285,WI,EM,Snowstorm,2008,2008-03-19,11,43,0,2008,3,1,2,Spring,38,130,2,206.0,6.0,8644586.85,15.97244400100642
1750,GA,DR,Severe Storm,2008,2008-03-20,7,6,0,2008,3,1,3,Spring,44,551,8,294.0,1.0,3505637.4099999997,15.06988320451822
1751,AR,DR,Severe Storm,2008,2008-03-26,59,8,1,2008,3,1,2,Spring,49,552,12,48.0,6.0,39745530.71,17.498007982934837
3286,OH,EM,Snowstorm,2008,2008-04-24,20,48,0,2008,4,2,3,Spring,48,131,3,241.0,36.0,7122145.99,15.778719781472368
1752,OK,DR,Severe Storm,2008,2008-05-05,14,49,0,2008,5,2,0,Spring,107,553,19,45.0,40.0,3020576.13,14.920958473742274
1754,OK,DR,Flood,2008,2008-05-09,24,30,0,2008,5,2,4,Spring,108,674,20,4.0,385.0,20585926.389999997,16.840118263908046
1755,ME,DR,Flood,2008,2008-05-09,7,11,1,2008,5,2,4,Spring,46,675,12,275.0,0.0,3880770.7399999998,15.171544593882919
1756,OK,DR,Severe Storm,2008,2008-05-14,4,4,0,2008,5,2,2,Spring,109,555,20,5.0,6.0,2229174.12,14.617142173660632
1757,KY,DR,Severe Storm,2008,2008-05-19,15,46,0,2008,5,2,0,Spring,55,556,17,88.0,5.0,3499937.99,15.06825609487914
1758,AR,DR,Severe Storm,2008,2008-05-20,12,18,0,2008,5,2,1,Spring,50,557,13,55.0,1.0,2752278.34,14.827939977244617
1759,SD,DR,Snowstorm,2008,2008-05-22,6,21,0,2008,5,2,3,Spring,49,132,2,306.0,28.0,7826995.83,15.873089447778588
1761,GA,DR,Severe Storm,2008,2008-05-23,14,12,0,2008,5,2,4,Spring,45,558,9,64.0,3.0,10736846.75,16.189192098377205
1763,IA,DR,Severe Storm,2008,2008-05-27,85,2,1,2008,5,2,1,Spring,42,561,10,144.0,1.0,1155315559.03,20.867639355751713
1764,MS,DR,Severe Storm,2008,2008-05-28,1,54,0,2008,5,2,2,Spring,52,562,21,20.0,1.0,4330036.43,15.281086744283112
1765,NE,DR,Severe Storm,2008,2008-05-30,5,37,0,2008,5,2,4,Spring,41,563,14,140.0,2.0,499319.42,13.12100329290859
1766,IN,DR,Severe Storm,2008,2008-06-08,50,9,1,2008,6,2,6,Summer,41,564,17,130.0,9.0,101625355.92,18.436803637954004
1767,MT,DR,Severe Storm,2008,2008-06-13,4,43,0,2008,6,2,4,Summer,52,565,7,271.0,5.0,3346388.8800000004,15.023392674960203
1768,WI,DR,Severe Storm,2008,2008-06-14,31,9,1,2008,6,2,5,Summer,39,566,13,87.0,1.0,49315213.1,17.713743193839058
1769,WV,DR,Severe Storm,2008,2008-06-19,18,16,0,2008,6,2,3,Summer,47,567,13,415.0,5.0,3985862.62,15.198264564417908
1770,NE,DR,Severe Storm,2008,2008-06-20,62,29,1,2008,6,2,4,Summer,42,568,15,21.0,1.0,36258650.24,17.40618856568796
1771,IL,DR,Severe Storm,2008,2008-06-24,25,23,1,2008,6,2,1,Summer,51,569,19,103.0,4.0,53912370.58,17.802870537927515
1772,MN,DR,Severe Storm,2008,2008-06-25,6,19,0,2008,6,2,2,Summer,52,570,15,307.0,1.0,6533282.41,15.69242019417691
1773,MO,DR,Severe Storm,2008,2008-06-25,61,24,1,2008,6,2,2,Summer,51,571,21,33.0,0.0,28697245.28,17.17231172769445
3287,CA,EM,Fire,2008,2008-06-28,13,8,1,2008,6,2,5,Summer,173,831,111,6.0,1.0,246230084.13,19.321776962177584
1776,KS,DR,Severe Storm,2008,2008-07-09,54,48,0,2008,7,3,2,Summer,41,572,20,159.0,14.0,55300511.2,17.828292728655818
1774,SD,DR,Severe Storm,2008,2008-07-09,30,37,0,2008,7,3,2,Summer,50,573,11,48.0,0.0,4716310.43,15.366537575354734
1775,OK,DR,Severe Storm,2008,2008-07-09,26,36,0,2008,7,3,2,Summer,111,574,21,34.0,0.0,9638507.75,16.081276960636977
1777,MI,DR,Severe Storm,2008,2008-07-14,12,38,0,2008,7,3,0,Summer,32,575,7,1041.0,5.0,14972053.86,16.521696012172868
1778,VT,DR,Severe Storm,2008,2008-07-15,2,31,0,2008,7,3,1,Summer,26,576,11,347.0,1.0,1086864.23,13.898808174976102
1779,NE,DR,Severe Storm,2008,2008-07-18,4,21,0,2008,7,3,4,Summer,43,577,16,28.0,3.0,12060965.74,16.30548490691296
1780,TX,DR,Hurricane,2008,2008-07-24,16,2,1,2008,7,3,3,Summer,251,221,14,38.0,341.0,66192135.58,18.008072231072546
1781,ID,DR,Flood,2008,2008-07-31,2,77,0,2008,7,3,3,Summer,27,676,10,336.0,83.0,1655156.5,14.31940672842843
1782,NH,DR,Severe Storm,2008,2008-08-11,5,18,0,2008,8,3,0,Summer,28,578,6,472.0,24.0,1269313.6199999999,14.05398764346955
1783,NM,DR,Severe Storm,2008,2008-08-14,2,19,1,2008,8,3,3,Summer,56,579,5,50.0,3.0,49601279.98,17.719527217571343
1784,VT,DR,Severe Storm,2008,2008-08-15,3,28,0,2008,8,3,4,Summer,27,580,12,31.0,1.0,450920.11,13.01904768078943
3288,FL,EM,Severe Storm,2008,2008-08-21,67,3,1,2008,8,3,3,Summer,124,581,15,101.0,6.0,9070059.82,16.02048952769177
1785,FL,DR,Severe Storm,2008,2008-08-24,44,6,1,2008,8,3,6,Summer,125,582,16,3.0,3.0,98506309.22,18.40563116723757
3290,TX,EM,Hurricane,2008,2008-08-29,61,2,1,2008,8,3,4,Summer,253,223,15,22.0,0.0,27306108.25,17.122621017171003
3291,MS,EM,Hurricane,2008,2008-08-30,82,2,1,2008,8,3,5,Summer,53,224,11,94.0,1.0,356530.38,12.784177537403133
3292,AL,EM,Hurricane,2008,2008-08-30,67,1,1,2008,8,3,5,Summer,64,225,12,546.0,0.0,611711.02,13.3240168951929
1786,LA,DR,Hurricane,2008,2008-09-02,64,1,1,2008,9,3,1,Autumn,61,226,18,4.0,3.0,711129928.29,20.38236571268974
1787,NH,DR,Severe Storm,2008,2008-09-05,4,43,0,2008,9,3,4,Autumn,29,583,7,25.0,12.0,3673097.4499999997,15.116546128145286
3293,FL,EM,Hurricane,2008,2008-09-07,1,2,1,2008,9,3,6,Autumn,126,227,28,14.0,5.0,973528.1000000001,13.788682995489387
1788,ME,DR,Severe Storm,2008,2008-09-09,3,53,0,2008,9,3,1,Autumn,47,584,13,123.0,4.0,2660766.77,14.794125274449062
1789,AL,DR,Hurricane,2008,2008-09-10,2,12,0,2008,9,3,2,Autumn,65,228,13,11.0,3.0,7817931.67,15.871930713120925
3294,TX,EM,Hurricane,2008,2008-09-10,88,3,1,2008,9,3,2,Autumn,254,229,16,12.0,0.0,562028.74,13.239310045625178
1790,VT,DR,Severe Storm,2008,2008-09-12,7,53,0,2008,9,3,4,Autumn,28,585,13,28.0,3.0,4561537.65,15.333170547821762
1792,LA,DR,Hurricane,2008,2008-09-13,29,2,1,2008,9,3,5,Autumn,63,231,20,2.0,2.0,220681375.88,19.212230485609506
1791,TX,DR,Hurricane,2008,2008-09-13,51,6,1,2008,9,3,5,Autumn,255,232,17,3.0,0.0,2225490756.96,21.52324329361893
1793,AR,DR,Hurricane,2008,2008-09-18,18,16,0,2008,9,3,3,Autumn,51,233,1,121.0,5.0,4011177.11,15.20459554915149
1794,MS,DR,Hurricane,2008,2008-09-22,22,25,0,2008,9,3,0,Autumn,54,234,12,23.0,4.0,24747060.42,17.0242173094249
1795,IN,DR,Severe Storm,2008,2008-09-23,38,11,1,2008,9,3,1,Autumn,42,586,18,107.0,11.0,25003385.68,17.03452184085762
1796,AK,DR,Severe Storm,2008,2008-09-26,4,61,0,2008,9,3,4,Autumn,45,587,10,462.0,3.0,12186818.01,16.315865516624548
1797,AL,DR,Severe Storm,2008,2008-09-26,2,14,0,2008,9,3,4,Autumn,66,588,25,16.0,0.0,5940451.74,15.597295907289537
1798,PR,DR,Severe Storm,2009,2008-10-01,26,10,1,2008,10,4,2,Autumn,24,589,5,1056.0,5.0,23852674.43,16.987406946365706
1799,NH,DR,Severe Storm,2009,2008-10-03,2,27,0,2008,10,4,4,Autumn,30,590,8,28.0,2.0,823848.76,13.621743462170368
1800,IL,DR,Severe Storm,2009,2008-10-03,16,20,1,2008,10,4,4,Autumn,52,591,20,101.0,0.0,28676226.49,17.171579027038234
1801,NC,DR,Severe Storm,2009,2008-10-08,4,34,0,2008,10,4,2,Autumn,44,592,4,117.0,5.0,4664436.18,15.35547773761104
1803,OK,DR,Severe Storm,2009,2008-10-09,11,27,0,2008,10,4,3,Autumn,112,593,22,92.0,1.0,6149283.51,15.631846293177299
1802,KY,DR,Severe Storm,2009,2008-10-09,35,27,0,2008,10,4,3,Autumn,56,594,18,143.0,0.0,18913618.75,16.75539284219985
1804,AR,DR,Severe Storm,2009,2008-10-22,20,39,0,2008,10,4,2,Autumn,52,595,14,34.0,13.0,2620706.21,14.778954766794328
1805,OH,DR,Severe Storm,2009,2008-10-24,33,40,0,2008,10,4,4,Autumn,49,596,20,183.0,2.0,38844077.03,17.47506619149881
1806,FL,DR,Hurricane,2009,2008-10-27,6,57,0,2008,10,4,0,Autumn,127,235,29,50.0,35.0,1107827.99,13.91791279322231
1807,VI,DR,Hurricane,2009,2008-10-29,3,15,0,2008,10,4,2,Autumn,17,236,10,1483.0,2.0,7263873.39,15.798423906988205
1808,KS,DR,Severe Storm,2009,2008-10-31,9,50,0,2008,10,4,4,Autumn,42,597,21,114.0,7.0,3364325.1,15.028738233545623
1809,MO,DR,Severe Storm,2009,2008-11-13,56,63,0,2008,11,4,3,Autumn,52,598,22,141.0,13.0,8529244.63,15.959011478276867
1810,CA,DR,Fire,2009,2008-11-18,4,5,1,2008,11,4,1,Autumn,183,846,121,3.0,3.0,55930929.31,17.839628100129847
1811,SD,DR,Snowstorm,2009,2008-12-12,17,37,0,2008,12,4,4,Winter,51,133,3,156.0,204.0,5825275.23,15.577716977750905
3299,NY,EM,Severe Storm,2009,2008-12-18,16,7,1,2008,12,4,3,Winter,76,602,17,475.0,3.0,11496783.9,16.257577980332364
1812,NH,DR,Severe Ice Storm,2009,2009-01-02,10,22,0,2009,1,1,4,Winter,32,39,0,20.0,296.0,14893789.42,16.51645493371556
1813,MA,DR,Severe Ice Storm,2009,2009-01-05,7,25,0,2009,1,1,0,Winter,33,40,0,23.0,3.0,49802008.6,17.72356589459436
1814,HI,DR,Flood,2009,2009-01-05,2,26,0,2009,1,1,0,Winter,40,677,8,334.0,158.0,985503.02,13.800908484714233
1815,ME,DR,Severe Storm,2009,2009-01-09,7,29,0,2009,1,1,4,Winter,49,603,15,25.0,22.0,9781024.74,16.095954917901924
3300,DC,EM,Other,2009,2009-01-13,1,0,1,2009,1,1,1,Winter,10,22,0,1224.0,511.0,9549999.27,16.072051740729165
1816,VT,DR,Severe Ice Storm,2009,2009-01-14,2,34,0,2009,1,1,2,Winter,29,41,0,124.0,9.0,1337879.37,14.10659710610652
1817,WA,DR,Flood,2009,2009-01-30,23,24,0,2009,1,1,4,Winter,93,678,26,203.0,25.0,52769440.64,17.78144282431393
1818,KY,DR,Severe Ice Storm,2009,2009-02-05,103,10,1,2009,2,1,3,Winter,58,45,1,8.0,6.0,258871040.71,19.371840587210638
1819,AR,DR,Severe Storm,2009,2009-02-06,30,11,0,2009,2,1,4,Winter,54,604,15,9.0,28.0,220920275.66,19.213312455305005
1820,OK,DR,Severe Storm,2009,2009-02-15,5,5,0,2009,2,1,6,Winter,113,605,23,129.0,9.0,729454.15,13.500053164588904
1821,TN,DR,Severe Ice Storm,2009,2009-02-17,7,21,0,2009,2,1,1,Winter,47,46,0,376.0,12.0,6143015.93,15.630826536124685
1822,MO,DR,Severe Storm,2009,2009-02-17,21,22,0,2009,2,1,1,Winter,54,606,23,18.0,2.0,135879596.08,18.727279735988795
1823,OK,DR,Severe Storm,2009,2009-02-17,10,22,0,2009,2,1,1,Winter,114,607,24,2.0,0.0,9203600.91,16.035105477354982
1826,IL,DR,Severe Storm,2009,2009-03-02,9,35,0,2009,3,1,0,Spring,53,608,21,150.0,13.0,12382301.33,16.33177877965872
1824,OR,DR,Severe Storm,2009,2009-03-02,10,79,0,2009,3,1,0,Spring,74,609,9,166.0,0.0,10887118.75,16.203090974159856
1825,WA,DR,Severe Storm,2009,2009-03-02,34,80,0,2009,3,1,0,Spring,94,610,10,31.0,0.0,26341587.62,17.0866595645336
1827,NY,DR,Severe Storm,2009,2009-03-04,9,83,0,2009,3,1,2,Spring,77,611,18,76.0,2.0,18532228.9,16.735021931010472
1828,IN,DR,Severe Storm,2009,2009-03-05,21,38,0,2009,3,1,3,Spring,43,612,19,163.0,1.0,11534461.61,16.260849860728413
1829,ND,DR,Severe Storm,2009,2009-03-24,52,11,1,2009,3,1,1,Spring,43,613,14,564.0,19.0,114429518.7,18.555469642959213
3304,MN,EM,Severe Storm,2009,2009-03-26,7,10,1,2009,3,1,3,Spring,53,614,16,274.0,2.0,544794.58,13.208165920715512
1830,MN,DR,Severe Storm,2009,2009-04-09,30,24,1,2009,4,2,3,Spring,54,615,17,14.0,14.0,29775051.88,17.209181449190627
1831,FL,DR,Severe Storm,2009,2009-04-21,23,26,1,2009,4,2,1,Spring,128,616,17,176.0,12.0,30341893.26,17.228039964345733
1833,GA,DR,Severe Storm,2009,2009-04-23,47,28,0,2009,4,2,3,Spring,46,618,10,335.0,1.0,21303358.87,16.874375358615534
1834,AR,DR,Tornado,2009,2009-04-27,5,18,0,2009,4,2,0,Spring,55,151,14,80.0,1266.0,4704401.46,15.3640093218736
1835,AL,DR,Severe Storm,2009,2009-04-28,21,34,0,2009,4,2,1,Spring,67,619,26,214.0,5.0,18067054.87,16.709600720129654
1836,AL,DR,Severe Storm,2009,2009-05-08,6,28,0,2009,5,2,4,Spring,68,620,27,10.0,10.0,6100444.3,15.62387232647917
1837,MS,DR,Severe Storm,2009,2009-05-12,11,48,0,2009,5,2,1,Spring,55,621,22,232.0,4.0,2643437.02,14.78759090819401
1838,WV,DR,Severe Storm,2009,2009-05-15,11,12,1,2009,5,2,4,Spring,48,622,14,330.0,3.0,21911756.01,16.902533900506135
1839,TN,DR,Severe Storm,2009,2009-05-15,5,35,0,2009,5,2,4,Spring,48,623,19,87.0,0.0,4546528.04,15.329874651458619
1840,FL,DR,Severe Storm,2009,2009-05-27,5,10,1,2009,5,2,2,Spring,130,624,18,15.0,12.0,5187726.21,15.461806242079993
1841,KY,DR,Severe Storm,2009,2009-05-29,24,26,0,2009,5,2,4,Spring,59,625,19,113.0,2.0,32694089.12,17.302704889258568
1842,AL,DR,Severe Storm,2009,2009-06-03,4,28,0,2009,6,2,2,Summer,69,626,28,26.0,5.0,3945262.25,15.188026240073784
1843,AK,DR,Flood,2009,2009-06-11,8,44,0,2009,6,2,3,Summer,47,679,9,28.0,132.0,19558149.68,16.78890267208892
1844,SD,DR,Severe Storm,2009,2009-06-16,16,97,1,2009,6,2,1,Summer,52,627,12,186.0,13.0,5301082.19,15.483421733112227
1845,AR,DR,Severe Storm,2009,2009-06-16,38,50,0,2009,6,2,1,Summer,56,628,16,50.0,0.0,9039446.1,16.017108568993493
1847,MO,DR,Severe Storm,2009,2009-06-19,53,42,0,2009,6,2,4,Summer,55,629,24,122.0,3.0,27072334.75,17.114022943424064
3305,OK,EM,Snowstorm,2009,2009-06-23,4,88,0,2009,6,2,1,Summer,122,134,0,4.0,193.0,397944.96,12.894071496153314
1848,KS,DR,Severe Storm,2009,2009-06-24,33,90,0,2009,6,2,2,Summer,43,630,22,236.0,5.0,12436207.3,16.33612279977927
1849,KS,DR,Severe Storm,2009,2009-06-25,28,61,0,2009,6,2,3,Summer,44,631,23,1.0,1.0,11534911.55,16.26088886828687
1850,IL,DR,Severe Storm,2009,2009-07-02,8,55,0,2009,7,3,3,Summer,54,632,22,122.0,7.0,16343322.64,16.60933003185287
1851,TN,DR,Severe Storm,2009,2009-07-13,3,31,0,2009,7,3,0,Summer,49,633,20,59.0,11.0,8931032.41,16.0050426695615
1852,ME,DR,Severe Storm,2009,2009-07-30,9,42,0,2009,7,3,3,Summer,50,634,16,202.0,17.0,2915456.44,14.885537291698663
1853,NE,DR,Severe Storm,2009,2009-07-31,17,56,0,2009,7,3,4,Summer,44,635,17,378.0,1.0,4491366.48,15.317667774596291
1854,IA,DR,Severe Storm,2009,2009-08-13,1,34,0,2009,8,3,3,Summer,43,636,11,443.0,13.0,6484641.68,15.684947274754357
1855,KY,DR,Severe Storm,2009,2009-08-14,2,10,0,2009,8,3,4,Summer,60,637,20,77.0,1.0,5890036.54,15.58877292912189
1856,TN,DR,Severe Storm,2009,2009-08-21,6,37,0,2009,8,3,4,Summer,50,638,21,39.0,7.0,2203358.38,14.605493744572488
1857,NY,DR,Severe Storm,2009,2009-09-01,6,24,0,2009,9,3,1,Autumn,78,639,19,181.0,11.0,41582963.25,17.5432011281369
1858,GA,DR,Severe Storm,2009,2009-09-24,23,6,1,2009,9,3,3,Autumn,47,640,11,154.0,23.0,79299078.55,18.188737079349817
1859,AS,DR,Earthquake,2009,2009-09-29,5,0,1,2009,9,3,1,Autumn,10,24,0,1684.0,1078.0,94144283.14,18.360339101081113
1860,KS,DR,Severe Storm,2009,2009-09-30,5,84,0,2009,9,3,2,Autumn,45,641,24,97.0,6.0,3143581.09,14.960873500668196
3306,PR,EM,Fire,2010,2009-10-24,5,1,1,2009,10,4,5,Autumn,25,897,0,388.0,20.0,2961508.2399999998,14.901209574734809
1861,AR,DR,Severe Storm,2010,2009-12-03,38,35,0,2009,12,4,3,Winter,57,642,17,170.0,64.0,15311245.31,16.544098169284737
1862,VA,DR,Severe Storm,2010,2009-12-09,12,28,0,2009,12,4,2,Winter,50,643,14,1174.0,6.0,7711083.63,15.858169413985062
1863,LA,DR,Severe Storm,2010,2009-12-10,11,42,0,2009,12,4,3,Winter,64,644,12,453.0,1.0,6310528.75,15.657730185034657
1864,NE,DR,Severe Storm,2010,2009-12-16,7,30,0,2009,12,4,2,Winter,45,645,18,138.0,6.0,5125804.16,15.449798175039387
1865,AK,DR,Severe Storm,2010,2009-12-18,1,73,0,2009,12,4,4,Winter,48,646,11,190.0,2.0,3950737.77,15.18941314976905
1867,NJ,DR,Severe Storm,2010,2009-12-22,3,41,0,2009,12,4,1,Winter,35,647,9,951.0,4.0,12182946.13,16.315547755673514
1866,AL,DR,Hurricane,2010,2009-12-22,2,43,0,2009,12,4,1,Winter,70,237,14,202.0,419.0,4228940.04,15.257462174527218
1868,KS,DR,Severe Storm,2010,2009-12-23,3,39,0,2009,12,4,2,Winter,46,648,25,84.0,1.0,19988438.27,16.81066462789076
1869,NY,DR,Severe Storm,2010,2009-12-31,2,49,0,2009,12,4,3,Winter,79,649,20,121.0,8.0,17438357.78,16.674182865365424
1870,AL,DR,Severe Storm,2010,2009-12-31,14,19,0,2009,12,4,3,Winter,71,650,29,9.0,0.0,19986987.54,16.810592046803823
1871,NC,DR,Severe Storm,2010,2010-02-02,14,46,0,2010,2,1,1,Winter,45,653,5,482.0,3.0,18907114.05,16.75504886685942
1872,AR,DR,Severe Storm,2010,2010-02-04,25,43,0,2010,2,1,3,Winter,58,654,18,63.0,2.0,9308283.83,16.04641540349479
1873,NJ,DR,Snowstorm,2010,2010-02-05,7,48,0,2010,2,1,4,Winter,36,135,3,45.0,227.0,13737974.24,16.43567447145415
1874,VA,DR,Snowstorm,2010,2010-02-16,50,60,0,2010,2,1,1,Winter,51,136,3,69.0,11.0,22887905.74,16.946119239079525
1875,MD,DR,Snowstorm,2010,2010-02-19,12,63,0,2010,2,1,4,Winter,21,137,4,1328.0,3.0,24581140.89,17.017490117084954
1876,OK,DR,Severe Storm,2010,2010-02-25,54,63,0,2010,2,1,3,Winter,124,655,26,26.0,21.0,18085951.79,16.71064610597284
1877,IA,DR,Severe Storm,2010,2010-02-25,27,64,0,2010,2,1,3,Winter,44,656,12,196.0,0.0,5996437.45,15.60667625928038
1878,NE,DR,Severe Storm,2010,2010-02-25,58,65,0,2010,2,1,3,Winter,46,657,19,71.0,0.0,6575546.06,15.698868335608747
1879,ND,DR,Severe Storm,2010,2010-02-26,26,37,0,2010,2,1,4,Winter,44,658,15,339.0,1.0,12773947.540000001,16.362918384600174
1880,IA,DR,Severe Storm,2010,2010-03-02,27,42,0,2010,3,1,1,Spring,45,659,13,5.0,4.0,84281914.73,18.249677877182982
1881,WV,DR,Snowstorm,2010,2010-03-02,18,74,0,2010,3,1,1,Spring,49,138,2,291.0,11.0,2949526.36,14.897155498530744
1882,DC,DR,Snowstorm,2010,2010-03-03,1,75,0,2010,3,1,2,Spring,11,139,1,414.0,1.0,3553580.7600000002,15.083466599286075
1883,OK,DR,Severe Ice Storm,2010,2010-03-05,50,36,0,2010,3,1,4,Spring,125,47,7,8.0,381.0,118162679.16,18.58757287839461
1884,CA,DR,Severe Storm,2010,2010-03-08,6,50,0,2010,3,1,0,Spring,194,660,8,155.0,6.0,28020124.19,17.14843356674324
1886,SD,DR,Severe Storm,2010,2010-03-09,15,76,0,2010,3,1,1,Spring,53,661,13,266.0,1.0,904502.99,13.715141995084705
1885,KS,DR,Severe Storm,2010,2010-03-09,51,77,0,2010,3,1,1,Spring,47,662,26,76.0,0.0,15069225.07,16.528165213610407
1887,SD,DR,Severe Storm,2010,2010-03-10,32,49,0,2010,3,1,2,Spring,54,663,14,1.0,1.0,49059867.72,17.708551920883984
3309,ND,EM,Flood,2010,2010-03-14,19,16,1,2010,3,1,6,Spring,45,680,20,16.0,276.0,4872449.38,15.399107526628057
1888,AZ,DR,Severe Storm,2010,2010-03-18,14,59,0,2010,3,1,3,Spring,63,664,7,53.0,8.0,6758605.82,15.726327335063354
1889,NJ,DR,Snowstorm,2010,2010-03-23,7,46,0,2010,3,1,1,Spring,37,140,4,46.0,20.0,14025375.64,16.45637886391441
1890,DC,DR,Severe Storm,2010,2010-03-24,1,47,0,2010,3,1,2,Spring,12,665,7,21.0,6.0,7667188.7299999995,15.852460708550224
1891,ME,DR,Severe Storm,2010,2010-03-25,5,30,0,2010,3,1,3,Spring,51,666,17,238.0,1.0,5295215.58,15.482314438919582
1895,MA,DR,Severe Storm,2010,2010-03-29,7,17,1,2010,3,1,0,Spring,34,667,6,448.0,4.0,25084370.68,17.03775556794876
1894,RI,DR,Severe Storm,2010,2010-03-29,5,17,1,2010,3,1,0,Spring,14,668,1,1039.0,0.0,25960642.71,17.072092245717702
1893,WV,DR,Severe Storm,2010,2010-03-29,6,17,1,2010,3,1,0,Spring,50,669,15,27.0,0.0,5981645.29,15.604206387370011
1892,NH,DR,Severe Storm,2010,2010-03-29,6,34,0,2010,3,1,0,Spring,33,670,10,451.0,0.0,6841093.22,15.738458250488518
1896,DE,DR,Snowstorm,2010,2010-03-31,3,54,0,2010,3,1,2,Spring,15,141,3,1365.0,8.0,9201061.540000001,16.03482952882867
1897,NJ,DR,Severe Storm,2010,2010-04-02,16,21,1,2010,4,2,4,Spring,38,672,10,10.0,3.0,31525292.7,17.266300756187402
1898,PA,DR,Snowstorm,2010,2010-04-16,27,70,0,2010,4,2,4,Spring,47,142,3,1148.0,16.0,44209703.04,17.60445487136699
1899,NY,DR,Severe Storm,2010,2010-04-16,9,34,0,2010,4,2,4,Spring,80,673,21,106.0,14.0,87911502.6,18.291841225537308
1900,MN,DR,Flood,2010,2010-04-19,28,49,1,2010,4,2,0,Spring,56,682,21,31.0,31.0,12753660.54,16.36132896794838
1901,ND,DR,Severe Storm,2010,2010-04-21,13,20,0,2010,4,2,2,Spring,46,674,16,38.0,5.0,26651652.740000002,17.098361760684625
1902,NE,DR,Flood,2010,2010-04-21,37,46,0,2010,4,2,2,Spring,47,683,15,55.0,2.0,3112391.7199999997,14.950902351691203
1904,CT,DR,Severe Storm,2010,2010-04-23,5,42,1,2010,4,2,4,Spring,20,675,2,1078.0,2.0,9398851.2,16.05609813340166
1903,WV,DR,Snowstorm,2010,2010-04-23,20,77,0,2010,4,2,4,Spring,51,143,3,25.0,7.0,3304292.51,15.010733244423196
1905,VA,DR,Snowstorm,2010,2010-04-27,38,81,0,2010,4,2,1,Spring,52,144,4,70.0,4.0,28010386.32,17.14808597505929
1906,MS,DR,Severe Storm,2010,2010-04-29,9,6,0,2010,4,2,3,Spring,56,676,23,352.0,6.0,5648118.08,15.546833141502365
1907,ND,DR,Flood,2010,2010-04-30,30,63,1,2010,4,2,4,Spring,47,684,21,9.0,9.0,19679318.14,16.79507885244519
1908,AL,DR,Severe Storm,2010,2010-05-03,3,9,0,2010,5,2,0,Spring,72,677,30,123.0,4.0,7358685.38,15.811391993797173
1909,TN,DR,Severe Storm,2010,2010-05-04,49,4,1,2010,5,2,1,Spring,51,678,22,256.0,1.0,245908060.47,19.320468290178944
1910,MD,DR,Snowstorm,2010,2010-05-06,22,90,0,2010,5,2,3,Spring,22,145,5,76.0,9.0,59386940.85,17.899584925990716
1911,CA,DR,Earthquake,2010,2010-05-07,1,33,1,2010,5,2,4,Spring,195,25,10,60.0,220.0,26687516.57,17.099706507313556
1912,KY,DR,Severe Storm,2010,2010-05-11,83,10,1,2010,5,2,1,Spring,61,679,21,270.0,7.0,22895851.57,16.946466341641635
1913,NH,DR,Severe Storm,2010,2010-05-12,2,59,0,2010,5,2,2,Spring,34,680,11,44.0,1.0,2489369.98,14.727540618053574
1914,SD,DR,Severe Storm,2010,2010-05-13,3,41,0,2010,5,2,3,Spring,55,681,15,64.0,1.0,1862942.69,14.437668423684093
1915,SD,DR,Flood,2010,2010-05-13,37,64,1,2010,5,2,3,Spring,56,685,13,0.0,13.0,21498625.42,16.883499603615142
1916,MS,DR,Severe Storm,2010,2010-05-14,9,13,0,2010,5,2,4,Spring,57,682,24,15.0,1.0,7244942.93,15.795814394576539
1917,OK,DR,Severe Storm,2010,2010-05-24,16,14,0,2010,5,2,0,Spring,126,683,27,80.0,10.0,6413129.89,15.673858148027191
1918,WV,DR,Flood,2010,2010-06-24,5,12,1,2010,6,2,3,Summer,52,686,24,62.0,42.0,5675810.05,15.551724027419738
1919,PR,DR,Severe Storm,2010,2010-06-24,10,29,0,2010,6,2,3,Summer,26,684,6,243.0,31.0,4712458.08,15.36572042741158
1920,ME,DR,Severe Storm,2010,2010-07-01,2,111,0,2010,7,3,3,Summer,52,685,18,98.0,7.0,1258988.51,14.045819980982241
1921,MN,DR,Tornado,2010,2010-07-02,13,15,0,2010,7,3,4,Summer,57,152,2,74.0,431.0,13066488.27,16.385561439724913
1922,MT,DR,Severe Storm,2010,2010-07-10,3,25,1,2010,7,3,5,Summer,54,686,8,309.0,9.0,12373472.53,16.33106550769954
1923,WY,DR,Flood,2010,2010-07-14,3,40,0,2010,7,3,2,Summer,20,687,3,1067.0,20.0,3004023.04,14.915463294497258
1924,NE,DR,Severe Storm,2010,2010-07-15,61,44,1,2010,7,3,3,Summer,48,687,20,85.0,5.0,49926354.55,17.726059588625144
1925,KY,DR,Severe Storm,2010,2010-07-23,8,6,1,2010,7,3,4,Summer,62,688,22,73.0,8.0,5927073.74,15.59504135077989
1926,OK,DR,Severe Storm,2010,2010-07-26,7,43,0,2010,7,3,0,Summer,127,689,28,63.0,3.0,3383812.1,15.034513767686537
1927,ID,DR,Severe Storm,2010,2010-07-27,7,55,0,2010,7,3,1,Summer,28,690,4,726.0,1.0,2515039.14,14.737799321627183
1928,IA,DR,Severe Storm,2010,2010-07-27,2,76,0,2010,7,3,1,Summer,46,691,14,147.0,0.0,3008481.95,14.916946506350433
1929,SD,DR,Severe Storm,2010,2010-07-29,4,43,0,2010,7,3,3,Summer,57,692,16,77.0,2.0,666648.65,13.410019924530342
1930,IA,DR,Severe Storm,2010,2010-07-29,61,58,1,2010,7,3,3,Summer,47,693,15,2.0,0.0,52227603.13,17.77112172783058
1931,TX,DR,Hurricane,2010,2010-08-03,21,34,1,2010,8,3,1,Summer,273,239,19,35.0,35.0,19746571.81,16.79849050564598
1932,KS,DR,Severe Storm,2010,2010-08-10,41,64,0,2010,8,3,1,Summer,48,694,27,154.0,12.0,7384786.31,15.814932673262062
1933,WI,DR,Severe Storm,2010,2010-08-11,3,22,0,2010,8,3,2,Summer,40,695,14,788.0,1.0,11708670.4,16.27584027055458
1934,MO,DR,Severe Storm,2010,2010-08-17,37,66,0,2010,8,3,1,Summer,56,696,25,424.0,6.0,17450052.95,16.674853298298476
1935,IL,DR,Severe Storm,2010,2010-08-19,11,31,0,2010,8,3,3,Summer,55,697,23,413.0,2.0,5121756.31,15.449008162736973
3314,NC,EM,Hurricane,2010,2010-09-01,30,0,1,2010,9,3,2,Autumn,46,240,20,211.0,29.0,455369.3,13.028866213093725
3315,MA,EM,Hurricane,2010,2010-09-02,10,1,1,2010,9,3,3,Autumn,36,241,5,122.0,1.0,741694.21,13.516693669567083
1936,NM,DR,Flood,2010,2010-09-13,7,50,0,2010,9,3,0,Autumn,60,688,14,103.0,61.0,11968744.66,16.29780928173416
1937,TN,DR,Severe Storm,2010,2010-09-15,10,29,0,2010,9,3,2,Autumn,52,698,23,134.0,27.0,3950567.98,15.189370172073358
1938,SD,DR,Severe Storm,2010,2010-09-23,12,64,0,2010,9,3,3,Autumn,58,699,17,56.0,8.0,3144150.19,14.961054519797415
1939,VI,DR,Hurricane,2010,2010-09-28,3,30,0,2010,9,3,1,Autumn,18,242,11,699.0,26.0,908945.77,13.720041812589093
1940,AZ,DR,Severe Storm,2011,2010-10-04,2,76,0,2010,10,4,0,Autumn,66,700,8,106.0,11.0,6363902.2299999995,15.666152462478824
1941,MN,DR,Severe Storm,2011,2010-10-13,29,21,1,2010,10,4,2,Autumn,58,701,18,103.0,9.0,25112076.01,17.038859444160583
1943,NY,DR,Tornado,2011,2010-10-14,3,28,0,2010,10,4,3,Autumn,81,153,0,181.0,104.0,22213776.98,16.916223284061253
1944,WI,DR,Severe Storm,2011,2010-10-21,9,29,0,2010,10,4,3,Autumn,41,703,15,71.0,7.0,4028306.4,15.208856845698161
1945,NE,DR,Severe Storm,2011,2010-10-21,7,38,0,2010,10,4,3,Autumn,49,704,21,98.0,0.0,2138551.99,14.575639985392842
1946,PR,DR,Severe Storm,2011,2010-10-26,21,22,0,2010,10,4,1,Autumn,27,705,7,124.0,5.0,17541820.73,16.680098400974604
1947,SD,DR,Severe Storm,2011,2010-11-02,5,41,0,2010,11,4,1,Autumn,59,706,18,40.0,7.0,1079972.89,13.892447422882235
1948,VI,DR,Severe Storm,2011,2010-11-05,3,35,0,2010,11,4,4,Autumn,19,707,1,38.0,3.0,100179.04,11.514724246192822
1949,VI,DR,Severe Storm,2011,2010-11-24,1,16,0,2010,11,4,2,Autumn,20,708,2,19.0,19.0,837036.96,13.637624700892445
1950,AZ,DR,Severe Storm,2011,2010-12-21,1,79,0,2010,12,4,1,Winter,67,709,9,78.0,27.0,574530.98,13.26131104051801
1951,VT,DR,Severe Storm,2011,2010-12-22,3,21,0,2010,12,4,2,Winter,30,710,14,707.0,1.0,1555019.55,14.256999318942231
1952,CA,DR,Flood,2011,2011-01-26,10,40,0,2011,1,1,2,Winter,202,689,33,133.0,135.0,80864515.54,18.208285676911824
1953,ME,DR,Severe Storm,2011,2011-02-01,3,51,0,2011,2,1,1,Winter,53,711,19,215.0,41.0,1600455.83,14.28579966520729
1954,NJ,DR,Snowstorm,2011,2011-02-04,15,40,0,2011,2,1,4,Winter,39,146,5,308.0,274.0,52013289.04,17.767009821583596
1955,UT,DR,Flood,2011,2011-02-11,3,53,0,2011,2,1,4,Winter,21,690,5,145.0,16.0,8701342.5,15.978987996989812
1956,OR,DR,Severe Storm,2011,2011-02-17,6,35,0,2011,2,1,3,Winter,77,714,10,513.0,14.0,3990138.12,15.199336655426121
1957,NY,DR,Severe Storm,2011,2011-02-18,10,54,0,2011,2,1,4,Winter,82,715,22,127.0,1.0,44492035.36,17.610820772919293
1958,CT,DR,Snowstorm,2011,2011-03-03,8,51,0,2011,3,1,3,Spring,21,147,7,314.0,27.0,13744126.49,16.43612219921088
1959,MA,DR,Snowstorm,2011,2011-03-07,7,55,0,2011,3,1,0,Spring,37,148,7,186.0,4.0,25846401.41,17.06768197747327
1960,IL,DR,Snowstorm,2011,2011-03-17,65,45,0,2011,3,1,3,Spring,56,149,6,210.0,10.0,48133180.160000004,17.68948233425405
1961,MO,DR,Severe Storm,2011,2011-03-23,62,51,0,2011,3,1,2,Spring,58,716,27,48.0,33.0,9807841.2,16.098692848121686
1962,NM,DR,Severe Storm,2011,2011-03-24,15,51,0,2011,3,1,3,Spring,62,717,6,16.0,1.0,1801838.1199999999,14.404318434585495
1963,WA,DR,Severe Storm,2011,2011-03-25,7,73,0,2011,3,1,4,Spring,100,718,11,210.0,1.0,7610816.890000001,15.845081199752652
1964,OR,DR,Tsunami,2011,2011-03-25,3,14,0,2011,3,1,4,Spring,78,0,0,36.0,,5611823.24,15.540386401111057
1965,TN,DR,Severe Storm,2011,2011-03-31,13,31,0,2011,3,1,3,Spring,53,719,24,197.0,6.0,5614459.69,15.540856093456282
1966,WI,DR,Snowstorm,2011,2011-04-05,11,64,0,2011,4,2,1,Spring,42,150,3,166.0,19.0,8190517.17,15.918487722448146
1967,HI,DR,Tsunami,2011,2011-04-08,3,28,0,2011,4,2,4,Spring,43,1,0,303.0,14.0,7050406.38,15.76859595751616
1968,CA,DR,Tsunami,2011,2011-04-18,3,38,0,2011,4,2,0,Spring,203,2,0,82.0,10.0,37703713.47,17.44526917462047
1969,NC,DR,Severe Storm,2011,2011-04-19,20,3,0,2011,4,2,1,Spring,48,720,7,187.0,19.0,19215057.72,16.771204837922287
1970,OK,DR,Severe Storm,2011,2011-04-22,2,8,0,2011,4,2,4,Spring,138,721,30,7.0,3.0,4871305.33,15.398872699335197
1971,AL,DR,Severe Storm,2011,2011-04-28,67,13,1,2011,4,2,3,Spring,74,723,32,1.0,1.0,201014627.64000002,19.118888242678548
1973,GA,DR,Severe Storm,2011,2011-04-29,26,2,0,2011,4,2,4,Spring,50,724,12,35.0,1.0,20288231.29,16.82555158577894
1972,MS,DR,Severe Storm,2011,2011-04-29,40,14,0,2011,4,2,4,Spring,58,725,25,350.0,0.0,23729627.61,16.982234977636292
1974,TN,DR,Severe Storm,2011,2011-05-01,52,6,0,2011,5,2,6,Spring,54,726,25,31.0,2.0,50409497.29,17.735690173420515
1975,AR,DR,Severe Storm,2011,2011-05-02,60,18,1,2011,5,2,0,Spring,59,727,19,452.0,1.0,49985260.81,17.727238756141034
1976,KY,DR,Severe Storm,2011,2011-05-04,79,22,1,2011,5,2,2,Spring,63,728,23,285.0,2.0,29874525.86,17.21251673076836
3320,MS,EM,Flood,2011,2011-05-04,14,7,1,2011,5,2,2,Spring,59,692,7,5.0,27.0,16250.689999999999,9.695952182350258
1977,IA,DR,Severe Storm,2011,2011-05-05,6,26,0,2011,5,2,3,Spring,48,729,16,280.0,1.0,2702114.08,14.8095453872689
3322,LA,EM,Flood,2011,2011-05-06,26,11,1,2011,5,2,4,Spring,65,694,20,512.0,2.0,28922892.77,17.18014401145237
1978,TN,DR,Severe Storm,2011,2011-05-09,9,35,0,2011,5,2,0,Spring,56,730,26,5.0,4.0,7041838.42,15.767379975256224
1979,TN,DR,Severe Storm,2011,2011-05-09,18,20,1,2011,5,2,0,Spring,57,731,27,0.0,0.0,18433516.830000002,16.729681186635126
1980,MO,DR,Severe Storm,2011,2011-05-09,41,20,1,2011,5,2,0,Spring,59,732,28,47.0,0.0,160170851.57,18.891751632037224
1981,ND,DR,Flood,2011,2011-05-10,48,85,1,2011,5,2,1,Spring,49,695,23,33.0,4.0,224345415.4,19.228697459600337
1982,MN,DR,Flood,2011,2011-05-10,34,55,1,2011,5,2,1,Spring,59,696,22,209.0,0.0,20268456.09,16.824576397622828
1983,MS,DR,Flood,2011,2011-05-11,14,8,1,2011,5,2,2,Spring,60,697,8,7.0,1.0,7465375.43,15.825786413672024
1985,OK,DR,Severe Storm,2011,2011-05-13,16,102,0,2011,5,2,4,Spring,139,733,31,21.0,4.0,3490382.1,15.065522058927879
1984,SD,DR,Flood,2011,2011-05-13,40,63,1,2011,5,2,4,Spring,60,698,14,192.0,2.0,52125305.0,17.769161108569605
1986,ND,DR,Severe Storm,2011,2011-05-20,9,21,0,2011,5,2,4,Spring,50,734,17,10.0,7.0,5934923.13,15.596364802456412
1987,ID,DR,Flood,2011,2011-05-20,6,50,0,2011,5,2,4,Spring,30,699,11,267.0,7.0,2926897.38,14.889453846929893
1988,OK,DR,Severe Storm,2011,2011-05-27,10,36,0,2011,5,2,4,Spring,140,735,32,14.0,7.0,3925597.48,15.1830293765558
1989,OK,DR,Severe Storm,2011,2011-06-06,15,15,0,2011,6,2,0,Summer,141,736,33,10.0,10.0,7221515.88,15.792575582985142
1990,MN,DR,Severe Storm,2011,2011-06-07,2,17,0,2011,6,2,1,Summer,60,737,19,28.0,1.0,3548610.4299999997,15.082066938454988
1991,IL,DR,Severe Storm,2011,2011-06-07,21,49,1,2011,6,2,1,Summer,57,738,24,82.0,0.0,13938556.78,16.450169498833915
1992,AK,DR,Flood,2011,2011-06-10,3,33,0,2011,6,2,4,Summer,50,700,10,19.0,21.0,1756346.8,14.37874709734648
1993,NY,DR,Flood,2011,2011-06-10,23,45,0,2011,6,2,4,Summer,83,701,21,112.0,0.0,35684182.93,17.39021812141347
1994,MA,DR,Tornado,2011,2011-06-15,2,14,0,2011,6,2,2,Summer,38,154,1,100.0,244.0,75239301.84,18.136184296538122
1995,VT,DR,Severe Storm,2011,2011-06-15,8,53,0,2011,6,2,2,Summer,31,739,15,175.0,8.0,14747310.48,16.506571351594072
1996,MT,DR,Severe Storm,2011,2011-06-17,55,74,1,2011,6,2,4,Summer,55,740,9,342.0,2.0,42263772.42,17.55944085674813
1997,IN,DR,Severe Storm,2011,2011-06-23,36,65,0,2011,6,2,3,Summer,45,741,21,792.0,6.0,13098843.69,16.38803459267922
1998,IA,DR,Flood,2011,2011-06-27,6,33,1,2011,6,2,0,Summer,49,704,22,53.0,2.0,46273268.6,17.650075021883502
1999,TX,DR,Fire,2011,2011-07-01,122,86,1,2011,7,3,4,Summer,316,992,225,10.0,1.0,52813413.07,17.78227577076621
4000,AR,DR,Severe Storm,2011,2011-07-08,3,45,0,2011,7,3,4,Summer,60,742,20,67.0,15.0,2727242.81,14.818802063771846
4001,VT,DR,Severe Storm,2011,2011-07-08,4,43,0,2011,7,3,4,Summer,32,743,16,23.0,0.0,10545798.69,16.171238204960815
4002,OH,DR,Severe Storm,2011,2011-07-13,21,100,0,2011,7,3,2,Summer,50,744,21,992.0,5.0,32987890.35,17.311651123308035
4003,PA,DR,Severe Storm,2011,2011-07-13,5,79,0,2011,7,3,2,Summer,48,745,14,453.0,0.0,9389606.379999999,16.055114037743717
4004,PR,DR,Severe Storm,2011,2011-07-14,13,55,0,2011,7,3,3,Summer,28,746,8,261.0,1.0,6433605.15,15.677045771043616
4005,TN,DR,Severe Storm,2011,2011-07-20,7,32,0,2011,7,3,2,Summer,58,747,28,72.0,6.0,6940346.0200000005,15.75286233411473
4006,NH,DR,Flood,2011,2011-07-22,2,57,0,2011,7,3,4,Summer,35,706,9,436.0,22.0,1218835.96,14.013407650543648
4007,WY,DR,Severe Storm,2011,2011-07-22,16,65,0,2011,7,3,4,Summer,21,748,1,373.0,2.0,5568579.02,15.53265064582967
4008,KY,DR,Severe Storm,2011,2011-07-25,7,36,0,2011,7,3,0,Summer,64,749,24,82.0,3.0,2580667.86,14.763559171360845
4009,MN,DR,Severe Storm,2011,2011-07-28,16,27,0,2011,7,3,3,Summer,61,750,20,51.0,3.0,11105241.25,16.222927829570708
4010,KS,DR,Severe Storm,2011,2011-07-29,25,71,0,2011,7,3,4,Summer,51,751,28,34.0,1.0,7283728.86,15.80115363237639
4011,UT,DR,Flood,2011,2011-08-08,19,112,0,2011,8,3,0,Summer,22,707,6,178.0,17.0,7738769.54,15.861753387987472
4013,NE,DR,Flood,2011,2011-08-12,17,80,0,2011,8,3,4,Summer,52,708,17,55.0,4.0,62808331.06,17.95559829875238
4014,NE,DR,Severe Storm,2011,2011-08-12,12,54,0,2011,8,3,4,Summer,53,752,22,0.0,14.0,3362468.45,15.0281862173491
4012,MO,DR,Flood,2011,2011-08-12,11,72,0,2011,8,3,4,Summer,61,709,18,43.0,0.0,21739243.52,16.894629688363548
4015,LA,DR,Flood,2011,2011-08-18,22,115,0,2011,8,3,3,Summer,66,710,21,104.0,6.0,5553128.41,15.529872184472277
3326,PR,EM,Hurricane,2011,2011-08-22,78,1,1,2011,8,3,0,Summer,29,243,8,39.0,328.0,781030.88,13.56837124745096
4016,IA,DR,Severe Storm,2011,2011-08-24,6,46,0,2011,8,3,2,Summer,50,753,17,58.0,12.0,5743591.8,15.563595495832383
3329,VA,EM,Hurricane,2011,2011-08-26,30,0,1,2011,8,3,4,Summer,55,245,8,187.0,1.0,74241.70999999999,11.215094870026613
3330,MA,EM,Hurricane,2011,2011-08-26,14,0,1,2011,8,3,4,Summer,39,246,6,72.0,0.0,5366361.92,15.495660940927047
3328,NY,EM,Hurricane,2011,2011-08-26,17,1,1,2011,8,3,4,Summer,84,247,8,77.0,0.0,1313887.82,14.088501862574761
3333,NH,EM,Hurricane,2011,2011-08-27,10,1,1,2011,8,3,5,Summer,36,250,3,36.0,0.0,550618.32,13.218798960068865
3335,MD,EM,Hurricane,2011,2011-08-27,23,1,1,2011,8,3,5,Summer,23,252,4,478.0,0.0,5191261.4,15.46248746255897
4017,PR,DR,Hurricane,2011,2011-08-27,56,6,0,2011,8,3,5,Summer,30,253,9,5.0,0.0,55113218.15,17.824900157327086
3336,DE,EM,Hurricane,2011,2011-08-28,3,2,1,2011,8,3,6,Summer,16,255,4,515.0,0.0,916843.53,13.728693194880002
4018,IA,DR,Severe Storm,2011,2011-08-30,2,34,0,2011,8,3,1,Summer,51,754,18,6.0,6.0,4132709.44,15.234444030550769
4020,NY,DR,Hurricane,2011,2011-08-31,32,5,1,2011,8,3,2,Summer,85,258,9,5.0,2.0,565099560.62,20.152512488843268
4019,NC,DR,Hurricane,2011,2011-08-31,38,6,1,2011,8,3,2,Summer,51,259,22,6.0,0.0,87544887.0,18.287662225499684
4021,NJ,DR,Hurricane,2011,2011-08-31,21,4,1,2011,8,3,2,Summer,41,260,6,4.0,0.0,122651526.69,18.624857784278117
4022,VT,DR,Hurricane,2011,2011-09-01,14,5,1,2011,9,3,3,Autumn,34,261,1,3.0,1.0,216765366.06,19.194326068735798
4023,CT,DR,Hurricane,2011,2011-09-02,8,6,0,2011,9,3,4,Autumn,23,262,7,6.0,1.0,43699063.47,17.59283725182751
4027,RI,DR,Hurricane,2011,2011-09-03,6,7,0,2011,9,3,5,Autumn,17,263,6,7.0,1.0,8341293.11,15.936728931362204
4024,VA,DR,Hurricane,2011,2011-09-03,48,8,0,2011,9,3,5,Autumn,56,264,9,8.0,0.0,57876764.78,17.873826580142826
4025,PA,DR,Hurricane,2011,2011-09-03,14,8,0,2011,9,3,5,Autumn,50,265,5,5.0,0.0,25841412.52,17.06748893816891
4026,NH,DR,Hurricane,2011,2011-09-03,7,8,1,2011,9,3,5,Autumn,37,266,4,7.0,0.0,17861260.93,16.698144787691472
4028,MA,DR,Hurricane,2011,2011-09-03,9,7,0,2011,9,3,5,Autumn,40,267,7,8.0,0.0,30464609.05,17.23207624164846
3340,PA,EM,Flood,2011,2011-09-08,42,5,1,2011,9,3,3,Autumn,51,711,23,5.0,21.0,495306.49,13.112934040610183
3341,NY,EM,Severe Storm,2011,2011-09-08,15,1,1,2011,9,3,3,Autumn,86,755,23,8.0,9.0,3194.36,8.069455036520504
4029,TX,DR,Fire,2011,2011-09-09,65,10,1,2011,9,3,4,Autumn,329,1025,238,1.0,1.0,46819614.89,17.661812816020724
4030,PA,DR,Flood,2011,2011-09-12,34,9,1,2011,9,3,0,Autumn,52,712,24,4.0,4.0,149056312.57,18.819834735929927
4031,NY,DR,Severe Storm,2011,2011-09-13,15,6,0,2011,9,3,1,Autumn,87,756,24,5.0,5.0,320373555.85,19.5849982380734
4032,ME,DR,Hurricane,2011,2011-09-13,4,17,0,2011,9,3,1,Autumn,54,268,4,224.0,10.0,1995886.96,14.506599602013543
4033,NJ,DR,Severe Storm,2011,2011-09-15,3,33,0,2011,9,3,3,Autumn,42,757,11,15.0,2.0,7037295.1,15.766734577653331
4034,MD,DR,Hurricane,2011,2011-09-16,15,23,0,2011,9,3,4,Autumn,24,269,5,20.0,3.0,19868844.47,16.804663508662735
4035,KS,DR,Flood,2011,2011-09-23,4,114,0,2011,9,3,4,Autumn,52,713,12,56.0,11.0,2900592.12,14.880425798182424
4036,DC,DR,Hurricane,2011,2011-09-28,1,33,0,2011,9,3,2,Autumn,14,270,3,31.0,12.0,2466820.86,14.718441183743362
4037,DE,DR,Hurricane,2011,2011-09-30,2,36,0,2011,9,3,4,Autumn,17,271,5,33.0,2.0,2036745.61,14.526864293755153
4038,MD,DR,Flood,2012,2011-10-05,7,29,0,2011,10,4,2,Autumn,25,714,7,19.0,12.0,11018960.86,16.215128152169797
4039,NJ,DR,Severe Storm,2012,2011-10-14,5,16,0,2011,10,4,4,Autumn,43,758,12,29.0,29.0,4005024.39,15.203060478040031
4041,LA,DR,Coastal Storm,2012,2011-10-28,8,57,0,2011,10,4,4,Autumn,67,22,1,71.0,2236.0,5570929.05,15.533072572830065
3342,CT,EM,Severe Storm,2012,2011-10-31,8,2,0,2011,10,4,0,Autumn,24,759,3,59.0,17.0,28257.8,10.249160192491935
4042,VA,DR,Earthquake,2012,2011-11-04,10,73,0,2011,11,4,4,Autumn,57,26,0,62.0,546.0,43550470.92,17.589431097484212
4043,VT,DR,Severe Storm,2012,2011-11-08,3,172,0,2011,11,4,1,Autumn,35,762,17,68.0,7.0,946367.37,13.7603871697015
4044,DC,DR,Earthquake,2012,2011-11-08,1,77,0,2011,11,4,1,Autumn,15,27,0,41.0,4.0,3732915.4,15.132700362789269
4045,VA,DR,Severe Storm,2012,2011-11-17,8,70,0,2011,11,4,3,Autumn,58,763,15,13.0,9.0,5222639.84,15.468513739976467
4046,CT,DR,Severe Storm,2012,2011-11-17,7,19,0,2011,11,4,3,Autumn,25,764,4,17.0,0.0,88561262.68,18.29920511545888
4047,NM,DR,Flood,2012,2011-11-23,6,96,0,2011,11,4,2,Autumn,70,715,15,146.0,49.0,11212573.610000001,16.23254643950765
4048,NJ,DR,Severe Storm,2012,2011-11-30,11,32,0,2011,11,4,2,Autumn,44,765,13,47.0,13.0,26411715.82,17.089318288597443
4049,NH,DR,Severe Storm,2012,2011-12-05,2,37,0,2011,12,4,0,Winter,39,766,13,34.0,5.0,3337545.64,15.020746556124834
4050,AK,DR,Severe Storm,2012,2011-12-22,5,44,0,2011,12,4,3,Winter,51,767,12,195.0,17.0,4721628.3100000005,15.367664490793022
4051,MA,DR,Severe Storm,2012,2012-01-06,6,69,0,2012,1,1,4,Winter,42,768,8,66.0,15.0,71006602.75,18.078283441243755
4053,UT,DR,Severe Storm,2012,2012-02-01,1,63,0,2012,2,1,2,Winter,23,770,1,177.0,0.0,2564683.7199999997,14.757346112852858
4054,AK,DR,Severe Storm,2012,2012-02-02,1,79,0,2012,2,1,3,Winter,52,771,13,42.0,1.0,1340817.65,14.108790918219423
4055,OR,DR,Flood,2012,2012-03-02,12,45,0,2012,3,1,4,Spring,79,716,13,343.0,100.0,15087219.24,16.529358601713938
4056,WA,DR,Severe Storm,2012,2012-03-05,11,51,0,2012,3,1,0,Spring,102,772,12,179.0,32.0,30413725.89,17.230404606896055
4057,KY,DR,Severe Storm,2012,2012-03-06,23,6,0,2012,3,1,1,Spring,65,773,25,225.0,1.0,15043919.66,16.526484524695125
4058,IN,DR,Severe Storm,2012,2012-03-09,6,9,0,2012,3,1,4,Spring,46,774,22,260.0,3.0,4896874.71,15.40410794951694
4059,WV,DR,Severe Storm,2012,2012-03-16,11,16,0,2012,3,1,4,Spring,53,775,16,631.0,7.0,6904030.85,15.74761612500243
4061,WV,DR,Severe Storm,2012,2012-03-22,3,7,1,2012,3,1,3,Spring,54,777,17,6.0,6.0,3974478.97,15.19540447235498
4062,HI,DR,Severe Storm,2012,2012-04-18,2,46,0,2012,4,2,2,Spring,44,778,5,376.0,27.0,3095013.92,14.945303284767729
4063,KS,DR,Severe Storm,2012,2012-05-24,14,40,0,2012,5,2,3,Spring,53,779,29,244.0,36.0,4883032.82,15.401277269089851
4064,OK,DR,Severe Storm,2012,2012-06-14,5,47,0,2012,6,2,3,Summer,158,780,34,285.0,21.0,2918163.16,14.886465264193223
4065,NH,DR,Severe Storm,2012,2012-06-15,1,17,0,2012,6,2,4,Summer,40,781,14,193.0,1.0,3039192.36,14.927102696067696
4066,VT,DR,Severe Storm,2012,2012-06-22,3,24,0,2012,6,2,4,Summer,36,782,18,227.0,7.0,1017761.41,13.83311705985512
4067,CO,DR,Fire,2012,2012-06-28,3,19,1,2012,6,2,3,Summer,74,1049,54,4.0,1.0,4046793.01,15.213435523130904
4068,FL,DR,Severe Storm,2012,2012-07-03,34,10,1,2012,7,3,1,Summer,132,785,19,433.0,3.0,48651262.660000004,17.700188340770776
4069,MN,DR,Severe Storm,2012,2012-07-06,18,22,0,2012,7,3,4,Summer,62,786,21,344.0,3.0,41354847.24,17.537700221412134
4070,NJ,DR,Severe Storm,2012,2012-07-19,3,19,0,2012,7,3,3,Summer,45,787,14,232.0,13.0,8796860.04,15.989905515815858
4071,WV,DR,Severe Storm,2012,2012-07-23,47,24,0,2012,7,3,0,Summer,56,788,19,23.0,4.0,11718754.72,16.276701169241505
4072,VA,DR,Severe Storm,2012,2012-07-27,69,28,0,2012,7,3,4,Summer,59,789,16,253.0,4.0,21681024.58,16.89194803876741
4073,DC,DR,Severe Storm,2012,2012-07-31,1,32,0,2012,7,3,1,Summer,16,790,8,266.0,4.0,2914288.63,14.885136653385679
4076,WI,DR,Severe Storm,2012,2012-08-02,4,44,0,2012,8,3,3,Summer,43,791,16,485.0,2.0,8488330.18,15.954202975951176
4075,MD,DR,Severe Storm,2012,2012-08-02,6,34,0,2012,8,3,3,Summer,26,792,5,302.0,0.0,12040508.41,16.30378730675058
4074,MT,DR,Fire,2012,2012-08-02,3,38,0,2012,8,3,3,Summer,60,1057,39,36.0,3.0,1297026.8399999999,14.075585927987257
4077,OH,DR,Severe Storm,2012,2012-08-20,39,52,0,2012,8,3,0,Summer,52,793,23,51.0,18.0,16594635.94,16.624590125222895
4079,NM,DR,Flood,2012,2012-08-24,5,63,0,2012,8,3,4,Summer,75,717,16,65.0,175.0,25632263.080000002,17.05936243154372
4080,LA,DR,Hurricane,2012,2012-08-29,55,3,1,2012,8,3,2,Summer,69,275,22,2.0,1.0,299301149.64,19.516960817252556
4081,MS,DR,Hurricane,2012,2012-08-29,49,3,1,2012,8,3,2,Summer,62,276,14,1.0,0.0,37399646.83,17.437171846030267
4082,AL,DR,Hurricane,2012,2012-09-21,8,26,0,2012,9,3,4,Autumn,76,277,15,233.0,23.0,6640827.38,15.708747269695328
4083,WA,DR,Severe Storm,2012,2012-09-25,3,67,0,2012,9,3,1,Autumn,111,794,13,5.0,36.0,2757341.45,14.829777893391395
4084,FL,DR,Hurricane,2013,2012-10-18,12,52,0,2012,10,4,3,Autumn,133,278,30,107.0,27.0,17828372.009999998,16.696301735535563
3358,WV,EM,Hurricane,2013,2012-10-29,55,0,1,2012,10,4,0,Autumn,57,289,3,98.0,0.0,19645.54,9.885656520368316
4086,NJ,DR,Hurricane,2013,2012-10-30,21,4,1,2012,10,4,1,Autumn,47,290,8,2.0,1.0,2463494257.4,21.624846609277828
4087,CT,DR,Hurricane,2013,2012-10-30,8,3,1,2012,10,4,1,Autumn,27,291,9,2.0,0.0,58093888.480000004,17.877571043829853
3360,NH,EM,Hurricane,2013,2012-10-30,10,4,1,2012,10,4,1,Autumn,41,292,5,137.0,0.0,644300.52,13.375922094273415
4085,NY,DR,Hurricane,2013,2012-10-30,14,3,1,2012,10,4,1,Autumn,89,293,11,2.0,0.0,14851112785.81,23.42134063452634
4088,UT,DR,Flood,2013,2012-11-03,1,53,0,2012,11,4,5,Autumn,29,718,7,124.0,71.0,1653796.77,14.318584879859571
4089,RI,DR,Hurricane,2013,2012-11-03,4,8,0,2012,11,4,5,Autumn,19,294,8,5.0,4.0,8734303.1,15.98276883037434
4090,DE,DR,Hurricane,2013,2012-11-16,3,20,0,2012,11,4,4,Autumn,19,295,7,18.0,13.0,6615076.59,15.704862084865276
4091,MD,DR,Hurricane,2013,2012-11-20,24,25,0,2012,11,4,1,Autumn,28,296,7,23.0,4.0,30749448.95,17.241382664251933
4092,VA,DR,Hurricane,2013,2012-11-26,29,31,0,2012,11,4,0,Autumn,61,297,11,28.0,6.0,10459122.12,16.16298518134701
4093,WV,DR,Hurricane,2013,2012-11-27,18,29,0,2012,11,4,1,Autumn,58,298,4,29.0,1.0,14890071.93,16.516205302566263
4094,AK,DR,Severe Storm,2013,2012-11-27,5,73,0,2012,11,4,1,Autumn,53,795,14,299.0,63.0,24335563.64,17.00744940377484
4095,NH,DR,Hurricane,2013,2012-11-28,6,33,0,2012,11,4,2,Autumn,42,299,6,29.0,1.0,2113605.92,14.56390648677966
4096,DC,DR,Hurricane,2013,2012-12-05,1,40,0,2012,12,4,2,Winter,18,300,5,38.0,7.0,3119810.75,14.953283221426881
4097,MA,DR,Hurricane,2013,2012-12-19,6,53,0,2012,12,4,2,Winter,44,301,9,52.0,14.0,12353261.04,16.329430718954857
4098,OH,DR,Hurricane,2013,2013-01-03,2,66,0,2013,1,1,3,Winter,53,302,1,136.0,15.0,17603230.69,16.68359306190252
4099,PA,DR,Hurricane,2013,2013-01-10,18,76,0,2013,1,1,3,Winter,54,303,7,73.0,7.0,12673281.06,16.355006560582876
4100,AR,DR,Severe Ice Storm,2013,2013-01-29,8,35,0,2013,1,1,1,Winter,61,48,4,571.0,1061.0,8293401.3,15.930970853048965
4101,MS,DR,Severe Storm,2013,2013-02-13,7,3,1,2013,2,1,2,Winter,63,797,26,168.0,3.0,19520134.53,16.78695708206036
4102,LA,DR,Severe Storm,2013,2013-02-22,11,45,0,2013,2,1,4,Winter,70,798,13,177.0,9.0,5926569.28,15.594956236032578
4103,NC,DR,Mud/Landslide,2013,2013-03-01,1,46,0,2013,3,1,4,Spring,52,2,0,548.0,5250.0,4212154.14,15.25348498441619
4104,AZ,DR,Freezing,2013,2013-03-05,1,80,0,2013,3,1,1,Spring,71,17,0,632.0,2184.0,1602599.04,14.287137893285548
4105,NH,DR,Severe Storm,2013,2013-03-19,8,39,0,2013,3,1,1,Spring,43,799,15,111.0,25.0,6153471.49,15.632527112958062
4106,CT,DR,Severe Storm,2013,2013-03-21,9,41,0,2013,3,1,3,Spring,29,800,6,39.0,2.0,31099393.08,17.25269889400147
4107,RI,DR,Severe Storm,2013,2013-03-22,5,42,0,2013,3,1,4,Spring,20,801,3,139.0,1.0,7915043.76,15.884275906366542
4108,ME,DR,Severe Storm,2013,2013-03-25,6,45,0,2013,3,1,0,Spring,55,802,20,559.0,3.0,3114085.32,14.951446350966199
4109,OK,DR,Severe Storm,2013,2013-04-08,17,43,0,2013,4,2,0,Spring,167,803,35,229.0,14.0,57648989.65,17.869883296286694
3362,MA,EM,Terrorist,2013,2013-04-17,4,2,1,2013,4,2,2,Spring,45,1,0,119.0,4226.0,6195205.8,15.639286454247705
3363,TX,EM,Other,2013,2013-04-19,1,2,1,2013,4,2,4,Spring,332,24,1,354.0,1082.0,4019671.86,15.206711079174372
4110,MA,DR,Severe Storm,2013,2013-04-19,14,70,0,2013,4,2,4,Spring,46,804,9,2.0,11.0,69002582.61,18.049654505483726
4111,NY,DR,Severe Storm,2013,2013-04-23,1,74,0,2013,4,2,1,Spring,90,805,25,175.0,4.0,24295599.44,17.00580584006706
4112,KS,DR,Snowstorm,2013,2013-04-26,23,65,0,2013,4,2,4,Spring,54,151,0,337.0,752.0,1320792.96,14.09374359859153
4113,MN,DR,Severe Storm,2013,2013-05-03,5,24,0,2013,5,2,4,Spring,63,806,22,301.0,10.0,11108020.82,16.223178091756917
4114,IA,DR,Severe Storm,2013,2013-05-06,5,27,0,2013,5,2,0,Spring,52,807,19,615.0,3.0,12480065.52,16.339643251019556
4115,SD,DR,Severe Storm,2013,2013-05-10,8,32,0,2013,5,2,4,Spring,63,808,19,251.0,4.0,8231034.66,15.923422404347292
4116,IL,DR,Flood,2013,2013-05-10,47,24,0,2013,5,2,4,Spring,58,720,14,703.0,14.0,32487821.28,17.296375878005804
4117,OK,DR,Tornado,2013,2013-05-20,21,2,1,2013,5,2,0,Spring,168,155,9,42.0,705.0,55032765.43,17.823439319078943
4118,ND,DR,Flood,2013,2013-05-29,17,37,0,2013,5,2,2,Spring,52,721,25,33.0,19.0,7097551.399999999,15.775260550183306
4119,IA,DR,Flood,2013,2013-05-31,20,44,0,2013,5,2,4,Spring,53,722,23,25.0,2.0,7475901.65,15.827195425803467
4120,VT,DR,Flood,2013,2013-06-13,3,22,0,2013,6,2,3,Summer,37,723,12,356.0,13.0,1914682.79,14.465063044247222
4121,MI,DR,Flood,2013,2013-06-18,16,63,0,2013,6,2,1,Summer,33,724,9,1800.0,5.0,4849947.64,15.394478673166873
4122,AK,DR,Flood,2013,2013-06-25,5,39,0,2013,6,2,1,Summer,54,725,11,210.0,7.0,33351764.72,17.322621274051798
4123,ND,DR,Flood,2013,2013-06-25,1,31,0,2013,6,2,1,Summer,53,726,26,27.0,0.0,239920.61,12.388067523970564
4124,AR,DR,Severe Storm,2013,2013-06-25,11,26,0,2013,6,2,1,Summer,62,809,21,147.0,46.0,6593153.22,15.701542429297668
4125,SD,DR,Severe Storm,2013,2013-06-28,6,35,0,2013,6,2,4,Summer,64,810,20,49.0,3.0,1215685.32,14.010819347704395
4126,IA,DR,Severe Storm,2013,2013-07-02,49,44,0,2013,7,3,1,Summer,54,811,20,32.0,4.0,20498516.16,16.835863107833895
4127,MT,DR,Flood,2013,2013-07-10,15,52,0,2013,7,3,2,Summer,63,727,8,302.0,15.0,2774452.69,14.835964417313063
4128,ND,DR,Severe Storm,2013,2013-07-12,21,56,0,2013,7,3,4,Summer,54,812,18,17.0,10.0,10126940.11,16.13070986714989
4129,NY,DR,Flood,2013,2013-07-12,16,16,0,2013,7,3,4,Summer,91,728,22,80.0,2.0,68862258.77,18.047618832211008
4130,MO,DR,Severe Storm,2013,2013-07-18,28,50,0,2013,7,3,3,Summer,62,813,29,706.0,6.0,8741694.94,15.983614772285978
4131,MN,DR,Severe Storm,2013,2013-07-25,18,35,0,2013,7,3,3,Summer,64,814,23,83.0,7.0,13712894.66,16.433847237114716
4132,WV,DR,Flood,2013,2013-07-26,2,43,0,2013,7,3,4,Summer,59,729,25,241.0,14.0,3283730.08,15.00449085825992
4133,CO,DR,Fire,2013,2013-07-26,1,45,0,2013,7,3,4,Summer,80,1098,60,35.0,7.0,173358.39,12.063122117514618
4134,CO,DR,Fire,2013,2013-07-26,1,45,0,2013,7,3,4,Summer,81,1099,61,0.0,0.0,6617742.08,15.705264945313932
4135,IA,DR,Severe Storm,2013,2013-07-31,12,40,0,2013,7,3,2,Summer,55,815,21,29.0,6.0,4516082.08,15.323155600893807
4140,VT,DR,Flood,2013,2013-08-02,7,38,0,2013,8,3,4,Summer,38,730,13,50.0,7.0,6182973.09,15.637309958009526
4139,NH,DR,Severe Storm,2013,2013-08-02,3,37,0,2013,8,3,4,Summer,44,816,16,136.0,2.0,5898074.88,15.590136733652695
4138,FL,DR,Severe Storm,2013,2013-08-02,4,31,0,2013,8,3,4,Summer,134,817,20,288.0,0.0,42395226.73,17.562546360329826
4137,SD,DR,Severe Storm,2013,2013-08-02,8,44,0,2013,8,3,4,Summer,65,818,21,35.0,0.0,1159221.46,13.963260045232241
4136,TX,DR,Other,2013,2013-08-02,1,107,0,2013,8,3,4,Summer,333,25,2,105.0,105.0,25796532.89,17.065750695517863
4141,WI,DR,Severe Storm,2013,2013-08-08,8,49,0,2013,8,3,3,Summer,44,819,17,371.0,6.0,5934364.43,15.596270660343256
4142,CA,DR,Fire,2013,2013-08-29,1,31,0,2013,8,3,3,Summer,217,1113,151,6.0,6.0,444517.28,13.004746457949885
4143,AR,DR,Severe Storm,2013,2013-09-04,6,27,0,2013,9,3,2,Autumn,63,820,22,71.0,27.0,7781424.58,15.867250115872674
4144,MO,DR,Severe Storm,2013,2013-09-06,18,35,0,2013,9,3,4,Autumn,63,821,30,50.0,2.0,16651337.02,16.628001132723472
4145,CO,DR,Flood,2013,2013-09-14,18,3,1,2013,9,3,5,Autumn,83,732,11,2.0,2.0,372324261.68,19.735275706421344
4146,NC,DR,Flood,2013,2013-09-25,14,84,0,2013,9,3,2,Autumn,53,733,6,208.0,11.0,10516790.45,16.16848372350618
4147,NM,DR,Severe Storm,2013,2013-09-27,1,70,0,2013,9,3,4,Autumn,77,822,7,114.0,21.0,72568.6,11.192301380337467
4148,NM,DR,Severe Storm,2013,2013-09-30,11,69,0,2013,9,3,0,Autumn,78,823,8,3.0,3.0,5540702.34,15.52763200734385
4149,PA,DR,Severe Storm,2014,2013-10-01,11,97,0,2013,10,4,1,Autumn,55,824,15,264.0,1.0,12096256.72,16.308406683391407
4150,KS,DR,Severe Storm,2014,2013-10-22,46,92,0,2013,10,4,1,Autumn,55,825,30,179.0,21.0,7624476.36,15.846874335157754
4151,NM,DR,Severe Storm,2014,2013-10-24,1,41,0,2013,10,4,3,Autumn,79,826,9,24.0,2.0,4347340.77,15.285075128918566
4152,NM,DR,Flood,2014,2013-10-29,26,50,0,2013,10,4,1,Autumn,80,734,17,5.0,34.0,40862899.02,17.525733119382412
4153,NC,DR,Flood,2014,2013-10-29,6,94,0,2013,10,4,1,Autumn,54,735,7,34.0,0.0,8390658.87,15.942629724933509
4154,ND,DR,Severe Storm,2014,2013-10-31,7,27,0,2013,10,4,3,Autumn,55,827,19,111.0,7.0,4389175.57,15.294652197981918
4155,SD,DR,Severe Storm,2014,2013-11-08,16,36,0,2013,11,4,4,Autumn,66,828,22,98.0,8.0,43148257.18,17.580152608050916
4156,NE,DR,Severe Storm,2014,2013-11-26,10,55,0,2013,11,4,1,Autumn,55,829,23,453.0,18.0,2609538.55,14.774684346110936
4158,CA,DR,Fire,2014,2013-12-13,1,118,0,2013,12,4,4,Winter,219,1115,153,94.0,94.0,24641422.55,17.019939468905548
4159,TX,DR,Severe Storm,2014,2013-12-20,4,51,0,2013,12,4,4,Winter,334,830,16,140.0,24.0,7753470.35,15.863651217174077
4160,AR,DR,Severe Ice Storm,2014,2014-01-06,14,32,0,2014,1,1,0,Winter,64,49,5,124.0,342.0,5500927.17,15.520427394146457
3366,WV,EM,Chemical,2014,2014-01-10,9,1,1,2014,1,1,4,Winter,60,0,0,168.0,,1639099.39,14.309658106612876
4161,AK,DR,Flood,2014,2014-01-16,1,81,0,2014,1,1,3,Winter,55,736,12,205.0,79.0,1802953.09,14.404937038744237
4162,AK,DR,Severe Storm,2014,2014-01-23,4,79,0,2014,1,1,3,Winter,56,831,15,7.0,34.0,28838743.06,17.177230320889066
4163,VT,DR,Severe Ice Storm,2014,2014-01-29,7,40,0,2014,1,1,2,Winter,39,50,1,180.0,23.0,6342340.95,15.662758650949185
4164,OK,DR,Severe Storm,2014,2014-01-30,4,56,0,2014,1,1,3,Winter,169,832,36,255.0,7.0,3966015.49,15.19327274589489
4165,GA,DR,Severe Ice Storm,2014,2014-03-06,45,24,0,2014,3,1,3,Spring,54,54,1,23.0,22.0,46705317.07,17.659368593457526
4166,SC,DR,Severe Ice Storm,2014,2014-03-12,22,30,0,2014,3,1,2,Spring,22,55,4,28.0,6.0,216544896.46,19.193308462474985
4167,NC,DR,Severe Ice Storm,2014,2014-03-31,9,25,0,2014,3,1,0,Spring,55,56,3,153.0,19.0,40862440.58,17.525721900340898
4168,WA,DR,Mud/Landslide,2014,2014-04-02,4,11,1,2014,4,2,2,Spring,116,4,2,9.0,9.0,28622984.91,17.169720656140502
4169,OR,DR,Severe Storm,2014,2014-04-04,4,57,0,2014,4,2,4,Spring,84,833,11,229.0,64.0,6364572.95,15.666257851362527
4170,MD,DR,Severe Storm,2014,2014-04-10,3,57,0,2014,4,2,3,Spring,29,834,6,506.0,6.0,8678576.02,15.976368135409247
4171,TN,DR,Severe Ice Storm,2014,2014-04-11,10,40,0,2014,4,2,4,Spring,60,57,1,756.0,11.0,7524647.93,15.833694713690292
4172,MT,DR,Flood,2014,2014-04-17,15,47,0,2014,4,2,3,Spring,66,737,9,241.0,91.0,1925935.2,14.470922745142529
4173,IN,DR,Severe Storm,2014,2014-04-22,30,107,0,2014,4,2,1,Spring,47,835,23,774.0,12.0,9571816.89,16.074333702547346
4174,AR,DR,Severe Storm,2014,2014-04-29,12,2,0,2014,4,2,1,Spring,65,836,23,113.0,7.0,9409977.5,16.057281226755553
4175,MS,DR,Severe Storm,2014,2014-04-30,13,2,1,2014,4,2,2,Spring,64,837,27,441.0,1.0,87324480.27,18.285141408416223
4176,AL,DR,Severe Storm,2014,2014-05-02,21,4,1,2014,5,2,4,Spring,77,838,34,588.0,2.0,34914035.61,17.368399501442813
4177,FL,DR,Severe Storm,2014,2014-05-06,9,8,0,2014,5,2,1,Spring,135,839,21,277.0,4.0,128632617.26,18.672470978819362
4178,VT,DR,Flood,2014,2014-06-11,7,57,0,2014,6,2,2,Summer,40,738,14,133.0,55.0,1824522.69,14.416829519153625
4179,NE,DR,Tornado,2014,2014-06-17,6,37,0,2014,6,2,1,Summer,56,157,4,203.0,203.0,9825946.840000002,16.10053718333108
4180,NY,DR,Severe Storm,2014,2014-07-08,11,56,0,2014,7,3,1,Summer,92,840,26,361.0,63.0,31649907.16,17.270245804812493
4181,IA,DR,Severe Storm,2014,2014-07-14,9,41,0,2014,7,3,0,Summer,56,841,22,348.0,6.0,5532167.98,15.526090517214946
4182,MN,DR,Flood,2014,2014-07-21,40,40,0,2014,7,3,0,Summer,65,739,23,361.0,40.0,39488157.03,17.491511388214473
4183,NE,DR,Severe Storm,2014,2014-07-24,12,40,0,2014,7,3,3,Summer,57,842,24,37.0,10.0,12094591.48,16.308269008196955
4184,IA,DR,Flood,2014,2014-07-24,27,40,0,2014,7,3,3,Summer,57,740,24,10.0,3.0,17769842.22,16.693013377356966
4186,SD,DR,Flood,2014,2014-07-28,13,45,0,2014,7,3,0,Summer,67,741,15,262.0,4.0,11078851.36,16.220548656301553
4185,NE,DR,Severe Storm,2014,2014-07-28,12,57,0,2014,7,3,0,Summer,58,843,25,4.0,4.0,2354565.09,14.671867017925655
4187,IA,DR,Severe Storm,2014,2014-08-05,24,40,0,2014,8,3,1,Summer,58,844,23,12.0,8.0,14114715.68,16.462728547204726
4188,WA,DR,Fire,2014,2014-08-11,3,33,0,2014,8,3,0,Summer,126,1140,75,5.0,5.0,19097488.1,16.765067423642154
4189,TN,DR,Severe Storm,2014,2014-08-13,23,69,0,2014,8,3,2,Summer,61,845,30,124.0,8.0,5444967.69,15.510202564103096
4190,ND,DR,Flood,2014,2014-08-19,10,55,0,2014,8,3,1,Summer,56,742,27,292.0,22.0,2352906.01,14.671162147166568
4191,GU,DR,Severe Storm,2014,2014-09-10,1,44,0,2014,9,3,2,Autumn,13,846,1,3695.0,28.0,570373.61,13.254048634468786
4192,AS,DR,Severe Storm,2014,2014-09-10,5,43,0,2014,9,3,2,Autumn,11,847,1,1807.0,0.0,548510.68,13.21496385291008
4193,CA,DR,Earthquake,2014,2014-09-11,2,18,0,2014,9,3,3,Autumn,232,28,11,6.0,1038.0,27914708.76,17.144664339395096
4194,HI,DR,Severe Storm,2014,2014-09-12,2,36,0,2014,9,3,4,Autumn,45,848,6,877.0,2.0,4351391.63,15.286006496657032
4195,MI,DR,Flood,2014,2014-09-25,3,45,0,2014,9,3,3,Autumn,34,743,10,464.0,37.0,15169155.8,16.534774766391635
4196,KY,DR,Severe Storm,2014,2014-09-30,4,43,0,2014,9,3,1,Autumn,66,849,26,938.0,18.0,4749435.13,15.373536459490612
4197,NM,DR,Severe Storm,2015,2014-10-06,8,71,0,2014,10,4,0,Autumn,81,850,10,342.0,6.0,5829273.28,15.57840307030392
4198,MT,DR,Severe Storm,2015,2014-10-09,6,49,0,2014,10,4,3,Autumn,67,851,10,175.0,3.0,1609009.6099999999,14.291130020110641
4199,NM,DR,Severe Storm,2015,2014-10-29,8,44,0,2014,10,4,2,Autumn,82,852,11,23.0,20.0,63954728.67,17.973686042128424
4200,MO,DR,Severe Storm,2015,2014-10-31,20,52,0,2014,10,4,4,Autumn,64,853,31,420.0,2.0,5668467.76,15.55042957926645
4201,HI,DR,Volcanic Eruption,2015,2014-11-03,1,60,1,2014,11,4,0,Autumn,46,4,2,52.0,8935.0,11180461.69,16.22967841034471
4202,NV,DR,Flood,2015,2014-11-05,1,59,0,2014,11,4,2,Autumn,75,744,10,488.0,41.0,316461.45,12.664959872137716
4203,AZ,DR,Flood,2015,2014-11-05,2,59,0,2014,11,4,2,Autumn,75,745,12,491.0,0.0,5206762.22,15.465468957709898
4204,NY,DR,Snowstorm,2015,2014-12-22,9,35,0,2014,12,4,0,Winter,93,152,18,167.0,605.0,31549943.74,17.267082395444415
4205,MS,DR,Tornado,2015,2015-01-07,1,15,0,2015,1,1,2,Winter,65,158,10,252.0,204.0,2985308.16,14.909213870634995
4206,CA,DR,Flood,2015,2015-01-27,1,54,0,2015,1,1,1,Winter,237,746,34,111.0,83.0,924687.91,13.737212646414976
4207,VT,DR,Severe Storm,2015,2015-02-03,10,56,0,2015,2,1,1,Winter,41,854,19,237.0,95.0,3949092.78,15.188996687771061
4208,ME,DR,Snowstorm,2015,2015-03-12,4,45,0,2015,3,1,3,Spring,56,153,11,717.0,80.0,2643562.21,14.787638265852758
4209,NH,DR,Severe Storm,2015,2015-03-25,3,58,0,2015,3,1,2,Spring,45,855,17,600.0,50.0,4917407.03,15.408292126477674
4210,WV,DR,Severe Storm,2015,2015-03-31,32,28,0,2015,3,1,1,Spring,61,856,20,445.0,6.0,29974123.14,17.21584503876788
4211,TN,DR,Severe Ice Storm,2015,2015-04-02,45,46,0,2015,4,2,3,Spring,62,58,2,232.0,356.0,34509700.73,17.356751052034806
4212,RI,DR,Severe Storm,2015,2015-04-03,5,67,0,2015,4,2,4,Spring,21,857,4,742.0,3.0,8736490.43,15.983019228818724
4213,CT,DR,Severe Storm,2015,2015-04-08,4,72,0,2015,4,2,2,Spring,30,858,7,748.0,5.0,9503317.82,16.067151645036134
4214,MA,DR,Severe Storm,2015,2015-04-13,10,77,0,2015,4,2,0,Spring,47,859,10,724.0,5.0,89236191.35,18.306797259092548
4215,GA,DR,Severe Ice Storm,2015,2015-04-20,16,64,0,2015,4,2,0,Spring,55,59,2,410.0,18.0,10792145.79,16.194329278519255
4216,KY,DR,Snowstorm,2015,2015-04-30,41,74,0,2015,4,2,3,Spring,67,154,4,212.0,49.0,4314739.23,15.277547679065227
4217,KY,DR,Flood,2015,2015-05-01,29,29,0,2015,5,2,4,Spring,68,747,20,1.0,94.0,11037462.55,16.216805821510643
4218,KY,DR,Flood,2015,2015-05-12,59,70,0,2015,5,2,1,Spring,69,748,21,11.0,11.0,18686957.32,16.743336422474336
4219,WV,DR,Severe Storm,2015,2015-05-14,6,41,0,2015,5,2,3,Spring,62,860,21,44.0,31.0,7415157.76,15.819036943979045
4220,WV,DR,Flood,2015,2015-05-18,12,40,0,2015,5,2,0,Spring,63,749,26,4.0,6.0,6320816.79,15.65935915490385
4221,WV,DR,Flood,2015,2015-05-21,8,38,0,2015,5,2,3,Spring,64,750,27,3.0,3.0,5885189.5,15.587949668585908
4222,OK,DR,Severe Storm,2015,2015-05-26,63,21,1,2015,5,2,1,Spring,171,861,37,386.0,12.0,64240985.55,17.978151984738908
4223,TX,DR,Severe Storm,2015,2015-05-29,113,25,1,2015,5,2,4,Spring,336,862,17,382.0,3.0,156379244.76,18.86779467752585
4224,GU,DR,Typhoon,2015,2015-06-05,1,23,0,2015,6,2,4,Summer,14,48,10,268.0,3496.0,3477153.04,15.061724712568347
4225,NE,DR,Severe Storm,2015,2015-06-25,28,50,0,2015,6,2,3,Summer,59,863,26,332.0,27.0,16081740.66,16.593195128038808
4226,AR,DR,Severe Storm,2015,2015-06-26,29,50,0,2015,6,2,4,Summer,66,864,24,423.0,1.0,11156896.77,16.22756849867594
4227,WY,DR,Flood,2015,2015-07-07,4,44,0,2015,7,3,1,Summer,26,751,4,1031.0,47.0,2498189.7600000002,14.731077331844068
4228,LA,DR,Flood,2015,2015-07-13,7,56,0,2015,7,3,0,Summer,71,752,22,871.0,6.0,10855649.51,16.200196286721443
4229,CO,DR,Flood,2015,2015-07-16,15,73,0,2015,7,3,3,Summer,84,753,12,670.0,3.0,24723138.43,17.023250182085466
4230,KS,DR,Severe Storm,2015,2015-07-20,44,77,0,2015,7,3,0,Summer,56,865,31,636.0,24.0,10965009.42,16.210219890130073
4231,NJ,DR,Severe Storm,2015,2015-07-22,4,29,0,2015,7,3,2,Summer,48,866,15,995.0,2.0,12457050.98,16.3377974446138
4232,VT,DR,Severe Storm,2015,2015-07-29,2,50,0,2015,7,3,2,Summer,42,867,20,176.0,7.0,1326573.48,14.098110598740961
4233,SD,DR,Severe Storm,2015,2015-07-30,14,43,0,2015,7,3,3,Summer,68,868,23,367.0,1.0,3078434.15,14.939931957657567
4234,IA,DR,Severe Storm,2015,2015-07-31,19,41,0,2015,7,3,4,Summer,59,869,24,360.0,1.0,7084653.33,15.77344164092587
4235,MP,DR,Typhoon,2015,2015-08-05,3,4,0,2015,8,3,2,Summer,14,49,13,3557.0,61.0,33027335.619999997,17.312846158935642
4238,MO,DR,Severe Storm,2015,2015-08-07,76,84,0,2015,8,3,4,Summer,65,870,32,280.0,7.0,50786375.06,17.743138688784658
4236,WV,DR,Severe Storm,2015,2015-08-07,9,28,0,2015,8,3,4,Summer,65,872,22,78.0,0.0,7743787.17,15.862401553483842
4239,KY,DR,Severe Storm,2015,2015-08-12,34,32,0,2015,8,3,2,Summer,70,873,27,92.0,5.0,9368365.56,16.05284931244379
4240,CA,DR,Fire,2015,2015-09-22,2,13,1,2015,9,3,1,Autumn,243,1183,175,9.0,8.0,208197832.26,19.1539993070785
4241,SC,DR,Flood,2016,2015-10-05,36,4,1,2015,10,4,0,Autumn,24,754,2,2.0,81.0,157377483.96,18.874157840259723
4242,WA,DR,Severe Storm,2016,2015-10-15,6,47,0,2015,10,4,3,Autumn,140,875,14,31.0,12.0,6172025.6,15.635537802242032
4243,WA,DR,Fire,2016,2015-10-20,9,72,0,2015,10,4,1,Autumn,141,1186,89,5.0,6.0,39910637.94,17.502153486418187
4244,AK,DR,Coastal Storm,2016,2015-10-30,1,64,0,2015,10,4,4,Autumn,59,23,0,136.0,1463.0,4079526.9699999997,15.22149184605987
4245,TX,DR,Severe Storm,2016,2015-11-25,22,34,0,2015,11,4,2,Autumn,338,876,18,42.0,41.0,41998507.61,17.55314466633146
4246,ID,DR,Severe Storm,2016,2015-12-23,5,36,0,2015,12,4,2,Winter,39,877,5,116.0,28.0,2486685.09,14.726461494473286
4247,OK,DR,Severe Ice Storm,2016,2015-12-29,21,32,0,2015,12,4,1,Winter,173,60,8,48.0,253.0,29475163.85,17.199058597247387
4248,MS,DR,Severe Storm,2016,2016-01-04,12,12,0,2016,1,1,0,Winter,66,878,28,362.0,12.0,5699153.78,15.555828437599061
4249,WA,DR,Severe Storm,2016,2016-01-15,16,64,0,2016,1,1,4,Winter,142,879,15,87.0,11.0,25032757.82,17.03569587786948
4251,AL,DR,Severe Storm,2016,2016-01-21,39,29,0,2016,1,1,3,Winter,78,880,35,629.0,6.0,36201886.01,17.40462180278548
4250,MO,DR,Flood,2016,2016-01-21,52,29,0,2016,1,1,3,Winter,67,756,20,19.0,19.0,32747347.59,17.3043325576842
4252,ID,DR,Severe Storm,2016,2016-02-01,3,47,0,2016,2,1,0,Winter,40,881,6,40.0,11.0,18305095.509999998,16.72269007685254
4253,WA,DR,Flood,2016,2016-02-02,10,63,0,2016,2,1,1,Winter,143,757,27,18.0,12.0,11273092.74,16.237929359436077
3376,LA,EM,Flood,2016,2016-02-05,7,39,0,2016,2,1,4,Winter,72,758,23,207.0,3.0,6999940.029999999,15.76141228269839
4254,AR,DR,Severe Storm,2016,2016-02-05,38,41,0,2016,2,1,4,Winter,67,882,25,224.0,4.0,11363428.02,16.24591077606174
4255,TX,DR,Severe Storm,2016,2016-02-09,51,45,0,2016,2,1,1,Winter,339,883,19,76.0,4.0,25488246.86,17.053728035660953
4256,OK,DR,Severe Storm,2016,2016-02-10,42,46,0,2016,2,1,2,Winter,175,884,38,12.0,1.0,49143641.94,17.71025805621266
4257,AK,DR,Severe Storm,2016,2016-02-17,1,67,0,2016,2,1,2,Winter,60,885,16,110.0,7.0,11464133.02,16.25473393893123
4258,OR,DR,Severe Storm,2016,2016-02-17,14,73,0,2016,2,1,2,Winter,96,886,12,156.0,0.0,33841841.96,17.337208552212257
4259,GA,DR,Severe Storm,2016,2016-02-26,34,66,0,2016,2,1,4,Winter,56,887,13,312.0,9.0,21181388.94,16.868633521102335
4260,DC,DR,Snowstorm,2016,2016-03-04,1,42,0,2016,3,1,4,Spring,19,155,2,1185.0,309.0,16996776.09,16.648534301106196
4261,MD,DR,Snowstorm,2016,2016-03-04,19,42,0,2016,3,1,4,Spring,30,156,6,694.0,0.0,69267697.71,18.053489247417186
4262,VA,DR,Snowstorm,2016,2016-03-07,30,45,0,2016,3,1,0,Spring,62,157,5,1197.0,3.0,46994294.43,17.665536778478145
4263,LA,DR,Flood,2016,2016-03-13,37,5,1,2016,3,1,6,Spring,73,759,24,37.0,37.0,104718758.62,18.46678883476697
4264,NJ,DR,Severe Storm,2016,2016-03-14,17,52,0,2016,3,1,0,Spring,49,888,16,236.0,17.0,81088513.69,18.2110518899445
4265,DE,DR,Snowstorm,2016,2016-03-16,1,54,0,2016,3,1,2,Spring,20,158,4,1216.0,9.0,1602711.5,14.287208064289867
4266,TX,DR,Flood,2016,2016-03-19,21,12,1,2016,3,1,5,Spring,340,760,33,39.0,6.0,33017468.77,17.312547366324605
4267,PA,DR,Snowstorm,2016,2016-03-23,23,61,0,2016,3,1,2,Spring,57,159,4,776.0,7.0,44619194.68,17.61367472080888
4268,MS,DR,Flood,2016,2016-03-25,29,16,1,2016,3,1,4,Spring,67,761,9,81.0,6.0,10834517.24,16.19824772865074
4269,TX,DR,Flood,2016,2016-04-25,27,8,1,2016,4,2,0,Spring,341,762,34,37.0,31.0,41631865.14,17.54437644497406
4270,AR,DR,Severe Storm,2016,2016-05-06,12,59,0,2016,5,2,4,Spring,68,889,26,91.0,53.0,2418773.48,14.698771556639246
4271,MT,DR,Severe Storm,2016,2016-05-24,5,39,0,2016,5,2,1,Spring,68,890,11,593.0,18.0,1690433.9,14.340496391071804
4272,TX,DR,Flood,2016,2016-06-11,46,20,1,2016,6,2,5,Summer,342,763,35,47.0,47.0,60254111.98,17.91408139323329
4273,WV,DR,Flood,2016,2016-06-25,18,3,1,2016,6,2,5,Summer,66,764,28,323.0,14.0,476811838.25,19.98263250404892
4274,OK,DR,Flood,2016,2016-07-15,8,34,0,2016,7,3,4,Summer,178,765,21,101.0,20.0,4693118.0200000005,15.361607955631186
4275,MT,DR,Tornado,2016,2016-08-03,1,53,0,2016,8,3,2,Summer,70,159,0,2.0,574.0,3045115.4499999997,14.929049701416234
4276,WI,DR,Severe Storm,2016,2016-08-09,9,29,0,2016,8,3,1,Summer,45,891,18,1097.0,77.0,13802564.69,16.44036505241175
4277,LA,DR,Flood,2016,2016-08-14,26,3,1,2016,8,3,6,Summer,74,766,25,154.0,30.0,764808663.96,20.4551362493444
4278,KY,DR,Severe Storm,2016,2016-08-26,20,55,0,2016,8,3,4,Summer,71,892,28,380.0,17.0,4746862.15,15.372994568383962
4279,MD,DR,Flood,2016,2016-09-16,1,48,0,2016,9,3,4,Autumn,31,767,8,196.0,33.0,7132460.56,15.780166972640618
4280,FL,DR,Hurricane,2016,2016-09-28,26,28,0,2016,9,3,2,Autumn,136,304,31,876.0,1357.0,60149086.73,17.912336833686407
4281,IA,DR,Flood,2016,2016-09-29,8,37,0,2016,9,3,3,Autumn,60,768,25,426.0,13.0,5398418.53,15.501616789065832
4282,HI,DR,Mud/Landslide,2017,2016-10-06,1,25,0,2016,10,4,3,Autumn,47,5,0,703.0,918.0,4786876.55,15.381388888352472
4283,FL,DR,Hurricane,2017,2016-10-08,18,5,1,2016,10,4,5,Autumn,138,309,33,2.0,1.0,405635337.26,19.820965132333583
4284,GA,DR,Hurricane,2017,2016-10-08,20,4,1,2016,10,4,5,Autumn,58,310,7,2.0,0.0,93078880.14,18.34895787591357
4285,NC,DR,Hurricane,2017,2016-10-10,50,6,1,2016,10,4,0,Autumn,57,311,24,3.0,2.0,319766464.56,19.58310149220295
4286,SC,DR,Hurricane,2017,2016-10-11,26,7,1,2016,10,4,1,Autumn,26,312,10,5.0,1.0,242683360.6,19.307268112928586
4288,WI,DR,Flood,2017,2016-10-20,10,29,0,2016,10,4,3,Autumn,46,769,14,72.0,21.0,9038145.22,16.016964647180536
4287,KS,DR,Severe Storm,2017,2016-10-20,13,48,0,2016,10,4,3,Autumn,59,893,32,198.0,55.0,5798145.13,15.57304879166459
4289,IA,DR,Flood,2017,2016-10-31,19,40,0,2016,10,4,0,Autumn,61,770,26,32.0,11.0,16783200.62,16.635889040564997
4290,MN,DR,Flood,2017,2016-11-02,10,42,0,2016,11,4,2,Autumn,66,771,24,835.0,2.0,7109979.59,15.777010071817891
4291,VA,DR,Hurricane,2017,2016-11-02,10,26,0,2016,11,4,2,Autumn,63,313,12,240.0,22.0,16772599.44,16.635257186775075
4292,PA,DR,Flood,2017,2016-12-02,4,43,0,2016,12,4,4,Winter,58,772,25,254.0,30.0,25541185.85,17.055802877731715
4293,TN,DR,Fire,2017,2016-12-15,1,17,0,2016,12,4,3,Winter,67,1238,10,17.0,17.0,3678756.3,15.11808556289754
4294,GA,DR,Severe Storm,2017,2017-01-25,7,23,0,2017,1,1,2,Winter,60,894,14,73.0,97.0,14571111.66,16.494551541762135
4295,MS,DR,Tornado,2017,2017-01-25,4,5,0,2017,1,1,2,Winter,68,160,11,306.0,175.0,11436442.64,16.252315624956264
4296,OR,DR,Severe Storm,2017,2017-01-25,2,42,0,2017,1,1,2,Winter,99,895,13,147.0,0.0,14369640.479999999,16.48062830854425
4297,GA,DR,Tornado,2017,2017-01-26,23,5,0,2017,1,1,3,Winter,61,161,12,1.0,1.0,23788831.3,16.984726797425907
4298,SD,DR,Severe Storm,2017,2017-02-01,27,39,0,2017,2,1,2,Winter,70,896,25,544.0,7.0,9837358.51,16.101697890538475
4299,OK,DR,Severe Storm,2017,2017-02-10,11,28,0,2017,2,1,4,Winter,179,897,39,210.0,9.0,141444101.0,18.7674151581299
4301,CA,DR,Severe Storm,2017,2017-02-14,34,42,0,2017,2,1,1,Winter,258,898,9,0.0,4.0,141723335.46,18.769387380303673
4302,CA,DR,Severe Storm,2017,2017-02-14,1,42,0,2017,2,1,1,Winter,259,899,10,0.0,0.0,3345510.33,15.023130103838042
4303,NV,DR,Severe Storm,2017,2017-02-17,8,43,0,2017,2,1,4,Winter,80,900,5,126.0,3.0,9804896.56,16.098392569827258
4304,KS,DR,Severe Ice Storm,2017,2017-02-24,20,42,0,2017,2,1,4,Winter,60,61,1,127.0,423.0,12565373.43,16.34645552795873
4305,CA,DR,Flood,2017,2017-03-16,22,57,0,2017,3,1,3,Spring,260,773,35,30.0,104.0,59970681.26,17.90936637176832
4306,WY,DR,Severe Storm,2017,2017-03-21,1,43,0,2017,3,1,1,Spring,30,901,2,235.0,32.0,2418459.51,14.6986417428092
4307,NV,DR,Severe Storm,2017,2017-03-27,7,50,0,2017,3,1,0,Spring,81,902,6,38.0,6.0,9852643.34,16.103250438032795
4308,CA,DR,Flood,2017,2017-04-01,44,59,0,2017,4,2,5,Spring,261,774,36,16.0,16.0,815941026.79,20.519852640451592
4309,WA,DR,Flood,2017,2017-04-21,15,81,0,2017,4,2,4,Spring,148,775,28,236.0,20.0,44911391.53,17.62020205170857
4310,ID,DR,Flood,2017,2017-04-21,11,75,0,2017,4,2,4,Spring,42,776,12,239.0,0.0,7169820.4799999995,15.785391314078948
4311,UT,DR,Flood,2017,2017-04-21,2,73,0,2017,4,2,4,Spring,33,777,8,304.0,0.0,3126349.91,14.955377038941718
4312,CA,DR,Severe Storm,2017,2017-05-02,1,83,0,2017,5,2,1,Spring,262,903,11,31.0,36.0,269934.77,12.505939320791573
4313,ID,DR,Flood,2017,2017-05-18,9,73,0,2017,5,2,3,Spring,43,778,13,27.0,27.0,9158293.44,16.03017052280704
4314,MS,DR,Severe Storm,2017,2017-05-22,9,22,0,2017,5,2,0,Spring,69,904,29,117.0,20.0,17087730.09,16.65387128384389
4315,OK,DR,Severe Storm,2017,2017-05-26,21,28,0,2017,5,2,4,Spring,183,905,40,80.0,4.0,88757472.53,18.301418191563172
4316,NH,DR,Severe Storm,2017,2017-06-01,2,79,0,2017,6,2,3,Summer,47,906,18,406.0,6.0,1676798.54,14.33239749877676
4317,MO,DR,Flood,2017,2017-06-02,55,35,0,2017,6,2,4,Summer,68,779,21,498.0,15.0,77325689.34,18.163536804267945
4318,AR,DR,Severe Storm,2017,2017-06-15,32,50,0,2017,6,2,3,Summer,69,907,27,405.0,14.0,27384726.33,17.12549601923967
4319,KS,DR,Snowstorm,2017,2017-06-16,27,49,0,2017,6,2,4,Summer,68,160,1,102.0,450.0,62692064.339999996,17.953745447993796
4320,TN,DR,Severe Storm,2017,2017-06-23,14,27,0,2017,6,2,4,Summer,68,908,31,190.0,8.0,31960035.09,17.27999680808574
4321,NE,DR,Severe Storm,2017,2017-06-26,10,58,0,2017,6,2,0,Summer,60,909,27,732.0,3.0,2727443.3,14.818875574849308
4322,NY,DR,Snowstorm,2017,2017-07-12,28,120,0,2017,7,3,2,Summer,94,161,19,933.0,26.0,28335249.54,17.15961718961488
4323,ND,DR,Flood,2017,2017-07-12,11,111,0,2017,7,3,2,Summer,57,780,28,1058.0,40.0,5293187.68,15.481931397285832
4324,OK,DR,Tornado,2017,2017-07-25,16,70,0,2017,7,3,1,Summer,184,163,10,60.0,164.0,4539993.3,15.328436314510135
4325,NE,DR,Severe Storm,2017,2017-08-01,19,50,0,2017,8,3,1,Summer,61,910,28,36.0,36.0,15098468.62,16.530103946980052
4327,WY,DR,Flood,2017,2017-08-05,3,59,0,2017,8,3,5,Summer,31,781,5,137.0,24.0,4294224.8100000005,15.272781843369359
4328,OR,DR,Severe Storm,2017,2017-08-08,4,213,0,2017,8,3,1,Summer,101,912,14,4.0,6.0,2962549.77,14.90156120183142
4329,NH,DR,Severe Storm,2017,2017-08-09,2,39,0,2017,8,3,2,Summer,48,913,19,69.0,1.0,6758416.72,15.72629935553288
4330,VT,DR,Severe Storm,2017,2017-08-16,7,48,0,2017,8,3,2,Summer,43,914,21,749.0,7.0,14949376.82,16.520180239543638
4331,WV,DR,Severe Storm,2017,2017-08-18,12,21,0,2017,8,3,4,Summer,67,915,23,419.0,2.0,11322366.88,16.242290785543364
4332,TX,DR,Hurricane,2017,2017-08-25,53,2,1,2017,8,3,4,Summer,343,314,20,440.0,296.0,3081098608.55,21.84855206174497
4333,ID,DR,Flood,2017,2017-08-27,5,113,0,2017,8,3,6,Summer,44,782,14,101.0,22.0,3199079.42,14.978373957721644
4334,IA,DR,Severe Storm,2017,2017-08-27,9,39,0,2017,8,3,6,Summer,62,916,25,300.0,9.0,5349464.32,15.492507173690921
3384,PR,EM,Hurricane,2017,2017-09-05,10,0,1,2017,9,3,1,Autumn,32,317,11,2149.0,0.0,24133371.66,16.99910619824452
4335,VI,DR,Hurricane,2017,2017-09-07,3,2,0,2017,9,3,3,Autumn,22,320,13,2.0,0.0,66585756.629999995,18.014001263242175
4336,PR,DR,Hurricane,2017,2017-09-10,32,5,0,2017,9,3,6,Autumn,33,323,12,5.0,2.0,9234099.7,16.0384137873394
4337,FL,DR,Hurricane,2017,2017-09-10,67,6,1,2017,9,3,6,Autumn,144,324,36,2.0,0.0,2408989487.63,21.602473197194783
3389,AL,EM,Hurricane,2017,2017-09-11,68,3,1,2017,9,3,0,Autumn,79,325,16,599.0,1.0,585571.92,13.280345997390592
4338,GA,DR,Hurricane,2017,2017-09-15,159,8,1,2017,9,3,4,Autumn,64,326,9,7.0,4.0,115788528.61,18.56727606474282
4339,PR,DR,Hurricane,2017,2017-09-20,78,3,1,2017,9,3,2,Autumn,35,329,14,2.0,2.0,36169288141.58,24.311476201837014
4340,VI,DR,Hurricane,2017,2017-09-20,3,4,1,2017,9,3,2,Autumn,24,330,15,2.0,0.0,22068161861.93,23.817401767064606
4341,FL,DR,Hurricane,2017,2017-09-27,6,23,1,2017,9,3,2,Autumn,145,331,37,17.0,7.0,10613.94,9.270017721742672
3392,LA,EM,Hurricane,2018,2017-10-06,19,1,1,2017,10,4,4,Autumn,77,332,24,39.0,9.0,4378270.52,15.292164574328678
4342,ID,DR,Flood,2018,2017-10-07,2,192,0,2017,10,4,5,Autumn,45,783,15,41.0,41.0,4015221.34,15.205603281164725
4343,WI,DR,Severe Storm,2018,2017-10-07,11,80,0,2017,10,4,5,Autumn,47,917,19,352.0,41.0,8860850.7,15.99715344662937
3395,FL,EM,Hurricane,2018,2017-10-08,2,1,1,2017,10,4,6,Autumn,146,335,38,11.0,0.0,446808.86,13.009888413973078
4344,CA,DR,Fire,2018,2017-10-10,9,2,1,2017,10,4,1,Autumn,281,1295,207,1.0,1.0,489302981.29,20.00849245125406
4346,SC,DR,Hurricane,2018,2017-10-16,47,40,0,2017,10,4,0,Autumn,29,336,12,39.0,8.0,33222138.42,17.318727061641052
4345,LA,DR,Hurricane,2018,2017-10-16,20,49,0,2017,10,4,0,Autumn,78,337,25,10.0,0.0,7576720.56,15.840591152184965
4347,KS,DR,Severe Storm,2018,2017-11-07,2,108,0,2017,11,4,1,Autumn,69,918,33,144.0,31.0,6341943.4399999995,15.662695973398725
4348,NY,DR,Flood,2018,2017-11-14,8,196,0,2017,11,4,1,Autumn,95,784,23,125.0,38.0,28933062.61,17.180495568683995
4349,AL,DR,Hurricane,2018,2017-11-16,8,41,0,2017,11,4,3,Autumn,81,338,18,39.0,31.0,14968939.51,16.521487979676102
4350,MS,DR,Hurricane,2018,2017-11-22,6,47,0,2017,11,4,2,Autumn,71,339,16,46.0,6.0,10259651.28,16.143729506294385
4351,AK,DR,Severe Storm,2018,2017-12-20,1,83,0,2017,12,4,2,Winter,61,919,17,672.0,43.0,1332661.43,14.102689326279775
4352,NM,DR,Flood,2018,2017-12-20,1,77,0,2017,12,4,2,Winter,86,785,18,188.0,36.0,14010116.91,16.45529033440911
4353,CA,DR,Fire,2018,2018-01-02,4,29,1,2018,1,1,1,Winter,288,1303,214,25.0,20.0,278875531.8,19.446276121248538
4354,ME,DR,Severe Storm,2018,2018-01-02,13,65,0,2018,1,1,1,Winter,57,920,21,1027.0,13.0,8159781.58,15.914728081977472
4355,NH,DR,Severe Storm,2018,2018-01-02,6,65,0,2018,1,1,1,Winter,49,921,20,146.0,0.0,10176489.03,16.13559071886644
4356,VT,DR,Severe Storm,2018,2018-01-02,10,65,0,2018,1,1,1,Winter,44,922,22,139.0,0.0,5126898.0200000005,15.450011554843378
4357,AS,DR,Hurricane,2018,2018-03-02,5,23,0,2018,3,1,4,Spring,13,341,4,19.0,19.0,10373277.97,16.154743727911388
4358,KY,DR,Flood,2018,2018-04-12,22,62,0,2018,4,2,3,Spring,74,786,22,508.0,113.0,26257383.54,17.083457823249557
4359,WV,DR,Mud/Landslide,2018,2018-04-17,21,62,0,2018,4,2,1,Spring,68,6,0,242.0,558.0,34024765.44,17.342599242113806
4360,OH,DR,Flood,2018,2018-04-17,22,62,0,2018,4,2,1,Spring,54,787,15,1930.0,5.0,63195767.17,17.961747897539766
4361,KY,DR,Flood,2018,2018-04-26,35,64,0,2018,4,2,3,Spring,75,788,23,14.0,9.0,19969175.6,16.80970047269417
4362,AL,DR,Severe Storm,2018,2018-04-26,4,38,0,2018,4,2,3,Spring,82,923,36,161.0,114.0,38699189.57,17.471329242277402
4363,IN,DR,Flood,2018,2018-05-04,31,79,0,2018,5,2,4,Spring,48,789,12,1473.0,8.0,10664753.91,16.182454928845278
4365,HI,DR,Flood,2018,2018-05-08,2,25,0,2018,5,2,1,Spring,48,790,9,579.0,4.0,13403133.44,16.410999151000492
4366,HI,DR,Volcanic Eruption,2018,2018-05-11,1,8,1,2018,5,2,4,Spring,49,5,3,3.0,1285.0,128875705.48,18.67435898218744
4367,ME,DR,Coastal Storm,2018,2018-05-30,1,89,0,2018,5,2,2,Spring,58,24,1,148.0,943.0,10733954.66,16.18892270091105
4368,NJ,DR,Severe Storm,2018,2018-06-08,6,94,0,2018,6,2,4,Summer,50,925,17,816.0,31.0,30199514.38,17.223336435196476
4369,AK,DR,Coastal Storm,2018,2018-06-08,1,186,0,2018,6,2,4,Summer,62,25,1,170.0,9.0,3908163.56,15.178578399753667
4370,NH,DR,Coastal Storm,2018,2018-06-08,1,98,0,2018,6,2,4,Summer,50,26,2,157.0,0.0,21595980.11,16.888017795620915
4371,NH,DR,Snowstorm,2018,2018-06-08,3,87,0,2018,6,2,4,Summer,51,162,7,0.0,331.0,2472947.46,14.72092170520267
4372,MA,DR,Severe Storm,2018,2018-06-25,6,115,0,2018,6,2,0,Summer,48,926,11,1169.0,17.0,35060650.83,17.372590029127092
4373,OK,DR,Fire,2018,2018-06-25,5,75,0,2018,6,2,0,Summer,188,1319,101,73.0,1.0,5311843.24,15.485449647419344
4374,MD,DR,Severe Storm,2018,2018-06-25,2,41,0,2018,6,2,0,Summer,32,927,7,647.0,0.0,13156597.03,16.392433942083738
4375,NE,DR,Snowstorm,2018,2018-06-29,31,77,0,2018,6,2,4,Summer,62,163,1,332.0,21.0,7302114.67,15.803674681937771
4376,MD,DR,Flood,2018,2018-07-02,2,36,0,2018,7,3,0,Summer,33,791,9,7.0,55.0,16714041.56,16.63175979590859
4378,WV,DR,Severe Storm,2018,2018-07-12,7,45,0,2018,7,3,3,Summer,69,928,24,86.0,17.0,1941675.62,14.479062394915047
4379,MA,DR,Snowstorm,2018,2018-07-19,5,128,0,2018,7,3,3,Summer,49,164,8,24.0,20.0,36482506.39,17.41234345408689
4380,VT,DR,Severe Storm,2018,2018-07-30,5,87,0,2018,7,3,0,Summer,45,929,23,209.0,18.0,2996541.03,14.9129695251461
4381,MI,DR,Flood,2018,2018-08-02,3,47,0,2018,8,3,3,Summer,37,793,11,365.0,27.0,32762976.07,17.30480968797287
4382,CA,DR,Fire,2018,2018-08-04,2,12,1,2018,8,3,5,Summer,298,1343,224,7.0,0.0,250985923.07,19.34090741612116
4383,WI,DR,Flood,2018,2018-08-10,6,56,0,2018,8,3,4,Summer,48,794,15,307.0,8.0,8602116.09,15.967518904183885
4384,WA,DR,Flood,2018,2018-08-17,1,104,0,2018,8,3,4,Summer,161,795,29,4.0,7.0,464404.19,13.04851270445402
4386,IA,DR,Severe Storm,2018,2018-08-20,31,75,0,2018,8,3,0,Summer,63,930,26,358.0,21.0,15343544.92,16.546205482341083
4385,CT,DR,Tornado,2018,2018-08-20,2,97,0,2018,8,3,0,Summer,31,164,2,1230.0,391.0,17803249.55,16.69489161375873
4387,NE,DR,Severe Storm,2018,2018-08-27,11,71,0,2018,8,3,0,Summer,63,931,29,59.0,7.0,2577582.63,14.762362940515654
4388,MT,DR,Flood,2018,2018-08-30,7,140,0,2018,8,3,3,Summer,79,796,10,352.0,13.0,1859316.92,14.435720268757528
4389,AZ,DR,Flood,2018,2018-08-31,1,51,0,2018,8,3,4,Summer,85,797,13,112.0,1.0,513182.45999999996,13.14838868205382
4390,MN,DR,Flood,2018,2018-09-05,31,82,0,2018,9,3,2,Autumn,67,798,25,672.0,5.0,25422533.189999998,17.051146511518194
4392,IA,DR,Severe Storm,2018,2018-09-12,4,55,0,2018,9,3,2,Autumn,64,932,27,23.0,16.0,2814814.41,14.850407243693622
4393,NC,DR,Hurricane,2018,2018-09-14,52,7,1,2018,9,3,4,Autumn,62,347,26,4.0,2.0,835643443.89,20.543712578743666
4394,SC,DR,Hurricane,2018,2018-09-16,19,8,1,2018,9,3,6,Autumn,31,348,14,6.0,2.0,97392798.89,18.3942628427797
4395,HI,DR,Hurricane,2018,2018-09-27,3,36,0,2018,9,3,3,Autumn,52,349,4,15.0,11.0,18307405.330000002,16.722816253421957
4396,MP,DR,Typhoon,2018,2018-09-29,3,19,0,2018,9,3,5,Autumn,16,51,15,19.0,19.0,3641097.91,15.107796092402435
4397,NY,DR,Flood,2019,2018-10-01,7,49,0,2018,10,4,0,Autumn,96,800,24,321.0,26.0,30669627.52,17.23878342385536
4398,GU,DR,Typhoon,2019,2018-10-01,1,21,0,2018,10,4,0,Autumn,15,52,11,1214.0,2.0,5922946.67,15.594344800170267
4399,FL,DR,Hurricane,2019,2018-10-11,18,4,1,2018,10,4,3,Autumn,148,352,40,2.0,1.0,2224689232.64,21.522883072535656
4400,GA,DR,Hurricane,2019,2018-10-14,69,5,1,2018,10,4,6,Autumn,66,354,11,4.0,2.0,140122126.34,18.75802493845065
4401,VA,DR,Hurricane,2019,2018-10-15,32,37,0,2018,10,4,0,Autumn,65,355,14,34.0,1.0,33230394.25,17.318975534632596
4402,WI,DR,Flood,2019,2018-10-18,14,62,0,2018,10,4,3,Autumn,49,801,16,69.0,17.0,37351071.12,17.435872173816538
4403,KS,DR,Severe Storm,2019,2018-10-19,8,48,0,2018,10,4,4,Autumn,70,933,34,346.0,37.0,4029663.87,15.209193771656047
4404,MP,DR,Typhoon,2019,2018-10-26,4,2,0,2018,10,4,4,Autumn,18,54,17,3.0,3.0,281247632.23,19.454746096265275
4405,MT,DR,Flood,2019,2018-10-31,9,183,0,2018,10,4,2,Autumn,80,802,11,62.0,13.0,1648424.91,14.315331396595532
4406,AL,DR,Hurricane,2019,2018-11-05,5,26,0,2018,11,4,0,Autumn,84,356,20,24.0,21.0,18267267.33,16.72062140048142
4407,CA,DR,Fire,2019,2018-11-12,3,4,1,2018,11,4,0,Autumn,304,1359,230,3.0,3.0,1973456800.5200002,21.403052563554738
4408,PA,DR,Severe Storm,2019,2018-11-27,11,109,0,2018,11,4,1,Autumn,59,934,16,725.0,39.0,77368805.43,18.164094239626237
4409,AZ,DR,Severe Storm,2019,2018-11-30,1,60,0,2018,11,4,4,Autumn,86,935,10,91.0,3.0,4851345.9,15.394766935699217
4410,CT,DR,Severe Storm,2019,2018-12-05,2,71,0,2018,12,4,2,Winter,32,936,8,107.0,5.0,3246588.24,14.993115538616957
4411,VA,DR,Hurricane,2019,2018-12-18,36,70,0,2018,12,4,1,Winter,66,357,15,64.0,43.0,40006807.57,17.50456021184341
4413,AK,DR,Earthquake,2019,2019-01-31,3,62,0,2019,1,1,3,Winter,65,30,3,62.0,62.0,186348584.61,19.043129593895618
4412,NC,DR,Hurricane,2019,2019-01-31,21,113,0,2019,1,1,3,Winter,63,358,27,139.0,44.0,18890910.27,16.754191479182325
4414,MN,DR,Flood,2019,2019-02-01,1,115,0,2019,2,1,4,Winter,68,803,26,149.0,93.0,10007887.69,16.118884208964715
4415,MS,DR,Severe Storm,2019,2019-02-14,11,49,0,2019,2,1,3,Winter,72,937,30,449.0,71.0,6453697.9,15.680163997267446
4416,TX,DR,Flood,2019,2019-02-25,36,168,0,2019,2,1,0,Winter,351,804,37,211.0,24.0,45708849.02,17.637802491820377
4417,KS,DR,Severe Storm,2019,2019-02-25,14,144,0,2019,2,1,0,Winter,71,938,35,129.0,11.0,3501859.85,15.068805056601036
4418,WA,DR,Severe Storm,2019,2019-03-04,8,84,0,2019,3,1,0,Spring,162,939,16,199.0,7.0,14077748.21,16.46010603867132
4419,AL,DR,Tornado,2019,2019-03-05,1,2,0,2019,3,1,1,Spring,85,165,6,120.0,197.0,4027220.41,15.208587219697884
4420,NE,DR,Flood,2019,2019-03-21,89,12,1,2019,3,1,3,Spring,64,805,18,206.0,24.0,529077975.53,20.086646382608116
4421,IA,DR,Flood,2019,2019-03-23,80,11,1,2019,3,1,5,Spring,65,806,27,192.0,2.0,169640044.66,18.949189371728846
4422,CA,DR,Severe Storm,2019,2019-03-26,1,40,0,2019,3,1,1,Spring,305,940,12,134.0,22.0,563460.01,13.241853417521469
4423,CA,DR,Severe Storm,2019,2019-03-28,1,42,0,2019,3,1,3,Spring,306,941,13,2.0,2.0,2250088.4899999998,14.626480546722998
4424,OH,DR,Flood,2019,2019-04-08,21,62,0,2019,4,2,0,Spring,55,807,16,356.0,16.0,63321340.28,17.963732975317487
4425,CA,DR,Severe Storm,2019,2019-04-08,1,53,0,2019,4,2,0,Spring,307,942,14,11.0,11.0,6433244.94,15.676989780658776
4426,AL,DR,Severe Storm,2019,2019-04-17,12,57,0,2019,4,2,2,Spring,86,943,37,43.0,9.0,13773887.860000001,16.438285246228904
4427,TN,DR,Flood,2019,2019-04-17,59,57,0,2019,4,2,2,Spring,69,808,17,663.0,9.0,21944073.57,16.90400770978921
4428,KY,DR,Severe Storm,2019,2019-04-17,61,70,0,2019,4,2,2,Spring,76,944,29,356.0,0.0,72289128.13,18.096184318009463
4429,MS,DR,Severe Storm,2019,2019-04-23,30,60,1,2019,4,2,1,Spring,73,945,31,68.0,6.0,31272325.8,17.258244136643352
4430,IA,DR,Flood,2019,2019-04-29,1,47,0,2019,4,2,0,Spring,66,809,28,37.0,12.0,500203.92,13.122773133442855
4431,CA,DR,Severe Storm,2019,2019-05-01,11,77,0,2019,5,2,2,Spring,308,946,15,23.0,8.0,45700291.4,17.63761525409342
4432,OR,DR,Severe Storm,2019,2019-05-02,5,68,0,2019,5,2,3,Spring,111,947,15,241.0,1.0,29948521.58,17.21499055175974
4433,GU,DR,Typhoon,2019,2019-05-07,1,73,0,2019,5,2,1,Spring,16,55,12,218.0,193.0,701119.22,13.46043464917285
4434,CA,DR,Severe Storm,2019,2019-05-17,18,82,0,2019,5,2,4,Spring,309,948,16,16.0,15.0,49844463.92,17.7244180135032
4435,MO,DR,Flood,2019,2019-05-20,16,70,0,2019,5,2,0,Spring,69,810,22,717.0,21.0,19162471.23,16.76846435297655
4436,AZ,DR,Severe Storm,2019,2019-05-21,1,89,0,2019,5,2,1,Spring,87,949,11,172.0,4.0,551698.83,13.220759391121993
4437,MT,DR,Flood,2019,2019-05-24,8,65,0,2019,5,2,4,Spring,81,811,12,205.0,4.0,971158.24,13.786245729708144
4438,OK,DR,Severe Storm,2019,2019-06-01,51,25,1,2019,6,2,5,Summer,190,951,41,7.0,4.0,67580397.77,18.028828539943277
4439,LA,DR,Severe Storm,2019,2019-06-03,3,40,0,2019,6,2,0,Summer,80,952,14,5.0,2.0,17969116.04,16.70416512232719
4440,SD,DR,Flood,2019,2019-06-07,62,86,0,2019,6,2,4,Summer,73,815,16,299.0,8.0,61174682.85,17.92924399931889
4441,AR,DR,Flood,2019,2019-06-08,17,18,1,2019,6,2,5,Summer,71,816,18,9.0,1.0,53233299.98,17.79019471675239
4444,ND,DR,Flood,2019,2019-06-12,19,83,0,2019,6,2,2,Summer,58,817,29,700.0,4.0,8208143.56,15.920637458323366
4442,MN,DR,Flood,2019,2019-06-12,55,92,0,2019,6,2,2,Summer,69,818,27,131.0,0.0,80330932.91,18.201665334000502
4443,ID,DR,Flood,2019,2019-06-12,6,66,0,2019,6,2,2,Summer,47,819,16,318.0,0.0,4399025.88,15.296893910791843
4445,VT,DR,Flood,2019,2019-06-14,6,60,0,2019,6,2,4,Summer,46,820,15,319.0,2.0,9288927.61,16.04433377690574
4446,NE,DR,Flood,2019,2019-06-17,2,96,0,2019,6,2,0,Summer,65,821,19,88.0,3.0,1088251.3199999998,13.900083591275354
4447,OH,DR,Tornado,2019,2019-06-18,12,22,0,2019,6,2,1,Summer,56,166,6,71.0,105.0,10824935.49,16.19736296486102
4448,SD,DR,Severe Storm,2019,2019-06-20,1,99,0,2019,6,2,3,Summer,74,953,26,13.0,17.0,971209.4400000001,13.786298448817734
4449,KS,DR,Severe Storm,2019,2019-06-20,70,53,1,2019,6,2,3,Summer,73,954,37,23.0,0.0,62760601.09,17.954838079314
4450,MS,DR,Severe Storm,2019,2019-06-20,9,68,0,2019,6,2,3,Summer,74,955,32,58.0,0.0,4871677.640000001,15.398949125605242
4452,OR,DR,Flood,2019,2019-07-09,6,94,0,2019,7,3,1,Summer,112,822,14,68.0,22.0,11481291.04,16.25622948956108
4451,MO,DR,Severe Storm,2019,2019-07-09,87,71,0,2019,7,3,1,Summer,70,956,33,50.0,19.0,77026448.79,18.15965942460028
4453,OK,DR,Severe Storm,2019,2019-07-12,19,73,0,2019,7,3,4,Summer,191,957,42,41.0,3.0,3696901.93,15.123005981149936
4455,WV,DR,Flood,2019,2019-08-02,5,34,0,2019,8,3,4,Summer,70,824,29,386.0,16.0,4322761.87,15.279405309034017
4456,OK,DR,Severe Storm,2019,2019-08-07,1,92,0,2019,8,3,2,Summer,192,958,43,26.0,26.0,6543056.0600000005,15.693915054584139
4457,NH,DR,Severe Storm,2019,2019-08-15,1,35,0,2019,8,3,3,Summer,52,959,21,433.0,8.0,3347473.68,15.023716792665237
4458,LA,DR,Hurricane,2019,2019-08-27,26,48,0,2019,8,3,1,Summer,82,359,26,47.0,208.0,49506104.44,17.717606562155115
4459,WI,DR,Flood,2019,2019-08-27,20,40,0,2019,8,3,1,Summer,50,825,17,313.0,25.0,18126365.759999998,16.71287816331029
4460,AR,DR,Flood,2019,2019-09-13,3,82,0,2019,9,3,4,Autumn,72,826,19,97.0,17.0,5877298.76,15.586607989909155
4461,IL,DR,Flood,2019,2019-09-19,28,207,0,2019,9,3,3,Autumn,60,827,15,2123.0,6.0,66704719.1,18.01578627449899
4462,LA,DR,Flood,2019,2019-09-19,14,132,0,2019,9,3,3,Autumn,83,828,27,23.0,0.0,18138307.740000002,16.713536764567134
4463,SD,DR,Flood,2019,2019-09-23,27,125,0,2019,9,3,0,Autumn,75,829,17,95.0,4.0,6898511.01,15.746816295586889
4464,SC,DR,Hurricane,2019,2019-09-30,12,30,0,2019,9,3,0,Autumn,33,366,16,29.0,27.0,42335634.99,17.56113974774005
4465,NC,DR,Hurricane,2020,2019-10-04,28,33,0,2019,10,4,4,Autumn,65,367,29,31.0,4.0,63548056.97,17.967306996045465
4467,SD,DR,Severe Storm,2020,2019-10-07,8,99,0,2019,10,4,0,Autumn,76,961,27,14.0,41.0,10198211.82,16.137723049177293
4468,FL,DR,Hurricane,2020,2019-10-21,14,54,0,2019,10,4,0,Autumn,151,368,43,51.0,17.0,95840449.97,18.37819539776692
4469,SD,DR,Severe Storm,2020,2019-11-18,25,70,0,2019,11,4,0,Autumn,77,962,28,42.0,42.0,19925697.03,16.80752081490019
4470,MS,DR,Severe Storm,2020,2019-12-06,19,41,0,2019,12,4,4,Winter,75,963,33,169.0,18.0,13702050.81,16.43305614673766
4471,TN,DR,Severe Storm,2020,2019-12-06,10,41,0,2019,12,4,4,Winter,70,964,32,233.0,0.0,13792018.83,16.4396007096746
4472,NY,DR,Severe Storm,2020,2019-12-19,18,49,0,2019,12,4,3,Winter,97,965,27,444.0,13.0,90571753.34,18.3216529601536
4473,PR,DR,Earthquake,2020,2020-01-16,34,19,1,2020,1,1,3,Winter,38,33,1,9.0,9.0,1120608058.68,20.83713728535944
4474,VT,DR,Severe Storm,2020,2020-01-17,8,78,0,2020,1,1,4,Winter,47,966,24,217.0,29.0,22901968.62,16.94673347443284
4475,ND,DR,Flood,2020,2020-01-21,18,104,0,2020,1,1,1,Winter,59,831,30,223.0,109.0,10866978.23,16.201239320752098
4476,TN,DR,Tornado,2020,2020-03-05,6,2,0,2020,3,1,3,Spring,71,167,4,90.0,261.0,84285208.41,18.249716955739938
4477,WI,DR,Flood,2020,2020-03-11,3,61,0,2020,3,1,2,Spring,51,832,18,197.0,50.0,4677987.100000001,15.358378682300879
4478,MS,DR,Severe Storm,2020,2020-03-12,13,62,0,2020,3,1,3,Spring,76,967,34,97.0,55.0,7770566.899999999,15.865853808476063
3497,MA,EM,Biological,2020,2020-03-13,1,53,1,2020,3,1,4,Spring,50,0,0,603.0,,524164.12,13.169562028168848
3498,ME,EM,Biological,2020,2020-03-13,1,53,1,2020,3,1,4,Spring,59,1,0,653.0,0.0,1627843.15,14.302767090003892
3496,NM,EM,Biological,2020,2020-03-13,1,53,1,2020,3,1,4,Spring,91,6,1,0.0,0.0,280018.32,12.542613879770997
3504,NY,EM,Biological,2020,2020-03-13,1,53,1,2020,3,1,4,Spring,98,7,0,85.0,0.0,3361356.07,15.027855340278776
3505,OK,EM,Biological,2020,2020-03-13,1,53,1,2020,3,1,4,Spring,197,8,1,0.0,0.0,359340.27,12.792027828737567
3495,OK,EM,Biological,2020,2020-03-13,1,53,1,2020,3,1,4,Spring,199,11,3,0.0,0.0,10632.22,9.271738341740816
3507,WA,EM,Biological,2020,2020-03-13,1,53,1,2020,3,1,4,Spring,163,13,0,375.0,0.0,1001211.19,13.81672201385517
3490,KS,EM,Biological,2020,2020-03-13,1,53,1,2020,3,1,4,Spring,76,16,2,0.0,0.0,7152.97,8.875422726351966
3489,NE,EM,Biological,2020,2020-03-13,1,53,1,2020,3,1,4,Spring,67,17,1,0.0,0.0,38364.77,10.554920934787004
3488,NE,EM,Biological,2020,2020-03-13,2,53,1,2020,3,1,4,Spring,68,18,2,0.0,0.0,114674.53,11.649861941211832
3486,OK,EM,Biological,2020,2020-03-13,1,53,1,2020,3,1,4,Spring,201,20,5,0.0,0.0,36990067.83,17.42616002458009
3484,MA,EM,Biological,2020,2020-03-13,1,53,1,2020,3,1,4,Spring,51,22,1,0.0,0.0,2352015.46,14.670783586275487
3559,NM,EM,Biological,2020,2020-03-13,1,53,1,2020,3,1,4,Spring,96,32,6,0.0,0.0,6291372.98,15.654690043614076
3557,NY,EM,Biological,2020,2020-03-13,1,53,1,2020,3,1,4,Spring,99,34,1,0.0,0.0,187850.76,12.14340842013576
3523,NE,EM,Biological,2020,2020-03-13,1,53,1,2020,3,1,4,Spring,70,40,4,0.0,0.0,275575.36,12.526620037954963
3521,NM,EM,Biological,2020,2020-03-13,1,53,1,2020,3,1,4,Spring,98,41,8,0.0,0.0,2565254.13,14.757568497527544
3518,OK,EM,Biological,2020,2020-03-13,1,53,1,2020,3,1,4,Spring,207,44,11,0.0,0.0,39353.18,10.580357474379298
3443,NV,EM,Biological,2020,2020-03-13,44,53,1,2020,3,1,4,Spring,89,63,0,202.0,0.0,957787.02,13.772381758981977
3442,AZ,EM,Biological,2020,2020-03-13,36,53,1,2020,3,1,4,Spring,89,64,0,235.0,0.0,2300080.18,14.648454975928676
3428,CA,EM,Biological,2020,2020-03-13,58,53,1,2020,3,1,4,Spring,321,77,0,108.0,0.0,9048942.72,16.018158592842166
4479,SC,DR,Severe Storm,2020,2020-03-17,10,40,0,2020,3,1,1,Spring,35,968,3,4.0,5.0,8234286.43,15.923817388402508
4480,NY,DR,Biological,2020,2020-03-20,64,60,1,2020,3,1,4,Spring,101,108,3,7.0,7.0,17507199155.41,23.58587801364846
4481,WA,DR,Biological,2020,2020-03-22,67,62,1,2020,3,1,6,Spring,165,109,2,9.0,2.0,2977429024.2999997,21.814326021898708
4482,CA,DR,Biological,2020,2020-03-22,58,62,1,2020,3,1,6,Spring,322,110,1,9.0,0.0,15330937713.76,23.45313869656737
4483,IA,DR,Biological,2020,2020-03-23,101,63,1,2020,3,1,0,Spring,69,111,2,10.0,1.0,525274051.56,20.07943068923494
4484,LA,DR,Biological,2020,2020-03-24,71,64,1,2020,3,1,1,Spring,86,112,2,11.0,1.0,2271409267.99,21.543666299152246
4485,TX,DR,Biological,2020,2020-03-25,257,65,1,2020,3,1,2,Spring,357,113,2,12.0,1.0,14236201348.72,23.379053948194812
4486,FL,DR,Biological,2020,2020-03-25,70,65,1,2020,3,1,2,Spring,154,114,2,12.0,0.0,4908381221.75,22.31421003452557
4487,NC,DR,Biological,2020,2020-03-25,106,65,1,2020,3,1,2,Spring,67,115,1,12.0,0.0,2029896707.0,21.431250745946915
4488,NJ,DR,Biological,2020,2020-03-25,23,65,1,2020,3,1,2,Spring,52,116,1,12.0,0.0,3204198822.21,21.88772791891198
4489,IL,DR,Biological,2020,2020-03-26,102,66,1,2020,3,1,3,Spring,62,117,1,13.0,1.0,2222782293.4,21.522025533889334
4490,MO,DR,Biological,2020,2020-03-26,115,66,1,2020,3,1,3,Spring,72,118,1,13.0,0.0,1213015368.85,20.91637513776787
4491,MD,DR,Biological,2020,2020-03-26,24,66,1,2020,3,1,3,Spring,35,119,1,13.0,0.0,3286475898.41,21.913081672432437
4496,MA,DR,Biological,2020,2020-03-27,17,67,1,2020,3,1,4,Spring,53,120,3,14.0,1.0,3491929917.13,21.973720405458344
4494,MI,DR,Biological,2020,2020-03-27,94,67,1,2020,3,1,4,Spring,39,121,1,14.0,0.0,1677962221.19,21.240845931144428
4495,GU,DR,Biological,2020,2020-03-27,1,67,1,2020,3,1,4,Spring,18,122,1,14.0,0.0,40267070.79,17.5110446157562
4492,SC,DR,Biological,2020,2020-03-27,47,67,1,2020,3,1,4,Spring,36,123,1,10.0,0.0,822969588.4,20.528429807047342
4493,PR,DR,Biological,2020,2020-03-27,78,67,1,2020,3,1,4,Spring,40,124,1,14.0,0.0,164453543.85,18.91813868615905
4497,KY,DR,Biological,2020,2020-03-28,120,68,1,2020,3,1,5,Spring,78,125,1,15.0,1.0,272896095.58,19.424601682095144
4498,CO,DR,Biological,2020,2020-03-28,66,68,1,2020,3,1,5,Spring,92,126,1,15.0,0.0,1793293209.0,21.307319548595753
4499,OR,DR,Biological,2020,2020-03-28,47,68,1,2020,3,1,5,Spring,115,127,1,15.0,0.0,1982393501.19,21.407570791084588
4500,CT,DR,Biological,2020,2020-03-28,12,68,1,2020,3,1,5,Spring,34,128,1,15.0,0.0,1063462200.2,20.784795650082952
4501,GA,DR,Biological,2020,2020-03-29,160,69,1,2020,3,1,6,Spring,69,129,1,16.0,1.0,1123400448.27,20.839626037982413
4502,DC,DR,Biological,2020,2020-03-29,1,69,1,2020,3,1,6,Spring,21,130,1,16.0,0.0,1073898831.66,20.794561631817892
4503,AL,DR,Biological,2020,2020-03-29,69,69,1,2020,3,1,6,Spring,89,131,2,16.0,0.0,103382114.24,18.45394253834699
4504,KS,DR,Biological,2020,2020-03-29,121,69,1,2020,3,1,6,Spring,78,132,4,16.0,0.0,524461878.7,20.077883303845724
4505,RI,DR,Biological,2020,2020-03-30,7,70,1,2020,3,1,0,Spring,24,133,2,17.0,1.0,855630272.95,20.56734891784482
4506,PA,DR,Biological,2020,2020-03-30,67,70,1,2020,3,1,0,Spring,61,134,1,17.0,0.0,2312431037.7,21.561565205803493
4508,MT,DR,Biological,2020,2020-03-31,64,71,1,2020,3,1,1,Spring,85,135,2,18.0,1.0,84394005.72,18.251006946618286
4507,OH,DR,Biological,2020,2020-03-31,88,71,1,2020,3,1,1,Spring,58,136,1,18.0,0.0,991102189.96,20.714328206009142
4510,HI,DR,Biological,2020,2020-04-01,5,72,1,2020,4,2,2,Spring,55,137,1,19.0,1.0,312455112.3,19.559971379383885
4511,MP,DR,Biological,2020,2020-04-01,5,72,1,2020,4,2,2,Spring,22,138,1,19.0,0.0,126934582.16,18.65918241848843
4509,ND,DR,Biological,2020,2020-04-01,58,72,1,2020,4,2,2,Spring,62,139,2,19.0,0.0,216373011.73,19.1925143870395
4512,VA,DR,Biological,2020,2020-04-02,138,73,1,2020,4,2,3,Spring,68,140,1,20.0,1.0,1104177750.19,20.82236677835384
4513,VI,DR,Biological,2020,2020-04-02,3,73,1,2020,4,2,3,Spring,27,141,1,20.0,0.0,140712607.91,18.762230133634414
4514,TN,DR,Biological,2020,2020-04-02,95,73,1,2020,4,2,3,Spring,73,142,1,20.0,0.0,531893546.11,20.091953927866065
4519,OR,DR,Flood,2020,2020-04-03,4,58,0,2020,4,2,4,Spring,116,833,15,6.0,23.0,9503060.95,16.067124615166204
4515,IN,DR,Biological,2020,2020-04-03,93,74,1,2020,4,2,4,Spring,50,143,1,21.0,1.0,273207168.07,19.425740926422034
4516,NH,DR,Biological,2020,2020-04-03,10,74,1,2020,4,2,4,Spring,54,144,1,21.0,0.0,324565869.22,19.5979990634009
4517,WV,DR,Biological,2020,2020-04-03,55,74,1,2020,4,2,4,Spring,72,145,1,21.0,0.0,206717180.85,19.146862145774023
4518,AR,DR,Biological,2020,2020-04-03,76,74,1,2020,4,2,4,Spring,74,146,1,21.0,0.0,247899108.71,19.328532405671822
4520,WI,DR,Biological,2020,2020-04-04,84,75,1,2020,4,2,5,Spring,53,147,1,22.0,1.0,867104435.42,20.58066998472226
4521,NE,DR,Biological,2020,2020-04-04,101,75,1,2020,4,2,5,Spring,71,148,5,22.0,0.0,304551033.64,19.534349232515666
4522,ME,DR,Biological,2020,2020-04-04,438,75,1,2020,4,2,5,Spring,61,149,2,22.0,0.0,460273717.38,19.94733191043786
4523,NV,DR,Biological,2020,2020-04-04,44,75,1,2020,4,2,5,Spring,90,150,1,22.0,0.0,114658673.94,18.557470228950034
4524,AZ,DR,Biological,2020,2020-04-04,36,75,1,2020,4,2,5,Spring,90,151,1,22.0,0.0,912851012.84,20.632083242154714
4525,UT,DR,Biological,2020,2020-04-04,36,75,1,2020,4,2,5,Spring,41,152,1,22.0,0.0,445715014.01,19.915190325951535
4530,OK,DR,Biological,2020,2020-04-05,112,76,1,2020,4,2,6,Spring,212,153,16,23.0,1.0,267289186.98999998,19.403841731319872
4528,MS,DR,Biological,2020,2020-04-05,83,76,1,2020,4,2,6,Spring,78,154,1,23.0,0.0,321870030.74,19.589658393892275
4529,NM,DR,Biological,2020,2020-04-05,65,76,1,2020,4,2,6,Spring,102,155,12,23.0,0.0,578753604.99,20.176387393997576
4526,DE,DR,Biological,2020,2020-04-05,3,76,1,2020,4,2,6,Spring,22,156,1,23.0,0.0,283863129.56,19.464002745309767
4527,SD,DR,Biological,2020,2020-04-05,194,76,1,2020,4,2,6,Spring,82,157,4,23.0,0.0,39737364.17,17.497802491178767
4531,MN,DR,Biological,2020,2020-04-07,107,78,1,2020,4,2,1,Spring,73,158,3,25.0,2.0,575588526.32,20.170903601090174
4532,VT,DR,Biological,2020,2020-04-08,14,79,1,2020,4,2,2,Spring,49,159,1,26.0,1.0,474014505.24,19.976748483072917
4533,AK,DR,Biological,2020,2020-04-09,84,80,1,2020,4,2,3,Spring,70,160,1,27.0,1.0,494785995.36,20.019635896465292
4534,ID,DR,Biological,2020,2020-04-09,49,80,1,2020,4,2,3,Spring,49,161,1,27.0,0.0,225600953.97,19.234278310602267
4535,WY,DR,Biological,2020,2020-04-11,24,82,1,2020,4,2,5,Spring,35,162,1,29.0,2.0,79767691.25999999,18.194629121545304
4536,MS,DR,Severe Storm,2020,2020-04-16,29,4,0,2020,4,2,3,Spring,79,969,35,11.0,30.0,34902767.63,17.36807671439866
4537,AS,DR,Biological,2020,2020-04-17,5,88,1,2020,4,2,4,Spring,15,163,1,35.0,6.0,21373241.62,16.87765035279894
4538,MS,DR,Severe Storm,2020,2020-04-23,15,73,0,2020,4,2,3,Spring,80,970,36,7.0,7.0,10672680.05,16.18319786163059
4539,WA,DR,Flood,2020,2020-04-23,15,94,0,2020,4,2,3,Spring,166,834,30,32.0,20.0,61403164.6,17.93297194879161
4540,KY,DR,Severe Storm,2020,2020-04-24,27,81,0,2020,4,2,4,Spring,79,971,30,27.0,1.0,73150080.94,18.108023805593827
4541,TN,DR,Severe Storm,2020,2020-04-24,9,12,0,2020,4,2,4,Spring,74,972,33,22.0,0.0,90995727.25999999,18.326323121181503
4542,SC,DR,Severe Storm,2020,2020-05-01,10,19,0,2020,5,2,4,Spring,37,973,4,35.0,7.0,20757171.31,16.84840239841055
4545,FL,DR,Biological,2020,2020-05-08,7,109,1,2020,5,2,4,Spring,157,164,3,1.0,21.0,1809645.12,14.408641870314536
4544,AR,DR,Tornado,2020,2020-05-08,1,41,0,2020,5,2,4,Spring,75,168,15,35.0,64.0,3248474.5300000003,14.993696376566948
4543,NC,DR,Severe Storm,2020,2020-05-08,19,92,0,2020,5,2,4,Spring,68,974,9,44.0,7.0,13644804.5,16.428869457717376
4546,AL,DR,Severe Storm,2020,2020-05-21,19,106,0,2020,5,2,3,Spring,90,975,38,53.0,13.0,11676238.13,16.273066491219186
3527,LA,EM,Coastal Storm,2020,2020-06-07,64,2,1,2020,6,2,6,Summer,87,28,3,75.0,332.0,322190.94,12.682902733893807
4553,ND,DR,Flood,2020,2020-07-09,20,99,0,2020,7,3,3,Summer,63,835,31,99.0,77.0,9937041.56,16.11178000518712
4552,MO,DR,Severe Storm,2020,2020-07-09,19,67,0,2020,7,3,3,Summer,73,976,34,105.0,49.0,8847245.34,15.995616820544925
4551,MS,DR,Severe Storm,2020,2020-07-09,11,78,0,2020,7,3,3,Summer,81,977,37,77.0,0.0,8718124.28,15.980914781945634
4549,HI,DR,Severe Storm,2020,2020-07-09,1,104,0,2020,7,3,3,Summer,56,978,7,99.0,0.0,1074305.39,13.887185792696146
4548,UT,DR,Earthquake,2020,2020-07-09,2,113,0,2020,7,3,3,Summer,44,34,0,11.0,175.0,26543387.22,17.094291243377018
4547,MI,DR,Dam/Levee Break,2020,2020-07-09,5,54,0,2020,7,3,3,Summer,41,5,1,49.0,49.0,33284002.15,17.32058745364252
4550,TN,DR,Severe Storm,2020,2020-07-09,20,67,0,2020,7,3,3,Summer,75,979,34,76.0,0.0,15799948.75,16.57551731761239
4554,AL,DR,Severe Storm,2020,2020-07-10,10,82,0,2020,7,3,4,Summer,91,980,39,50.0,1.0,9203289.24,16.035071612865803
4555,AL,DR,Severe Storm,2020,2020-07-10,7,89,0,2020,7,3,4,Summer,92,981,40,0.0,0.0,5769863.54,15.568159161605584
4556,AR,DR,Tornado,2020,2020-07-10,12,89,0,2020,7,3,4,Summer,76,169,16,63.0,63.0,9717359.629999999,16.08942459943947
3529,HI,EM,Hurricane,2020,2020-07-25,4,2,1,2020,7,3,5,Summer,57,369,5,16.0,278.0,421455.94999999995,12.951472915976572
3530,TX,EM,Hurricane,2020,2020-07-26,32,1,1,2020,7,3,6,Summer,358,370,21,123.0,1.0,2208510.7399999998,14.60782942582981
3533,FL,EM,Hurricane,2020,2020-08-01,19,1,1,2020,8,3,5,Summer,159,373,44,80.0,3.0,1292559.69,14.072135839774917
4557,IA,DR,Severe Storm,2020,2020-08-17,23,7,0,2020,8,3,0,Summer,70,982,28,147.0,38.0,215415513.85,19.188079348179944
4558,CA,DR,Fire,2020,2020-08-22,20,8,1,2020,8,3,5,Summer,330,1418,248,1.0,1.0,488692159.97,20.00724332153469
3539,MS,EM,Hurricane,2020,2020-08-23,24,0,1,2020,8,3,6,Summer,82,378,17,45.0,0.0,22140.45,10.00520669643969
3540,TX,EM,Hurricane,2020,2020-08-24,62,1,1,2020,8,3,0,Summer,359,379,22,29.0,1.0,57257519.120000005,17.863069547580064
4559,LA,DR,Hurricane,2020,2020-08-28,64,6,0,2020,8,3,4,Summer,89,381,28,5.0,1.0,3204087327.4700003,21.88769312185786
4561,IA,DR,Severe Storm,2020,2020-09-10,1,31,0,2020,9,3,3,Autumn,71,983,29,24.0,24.0,789578.7999999999,13.579256184200714
3545,AL,EM,Hurricane,2020,2020-09-14,68,0,1,2020,9,3,0,Autumn,93,383,21,66.0,5.0,80246.71,11.292873504759562
3543,LA,EM,Hurricane,2020,2020-09-14,64,1,1,2020,9,3,0,Autumn,90,384,29,17.0,0.0,5900544.46,15.590555355450089
3544,MS,EM,Hurricane,2020,2020-09-14,24,0,1,2020,9,3,0,Autumn,83,385,18,22.0,0.0,964564.73,13.779433258306018
4562,OR,DR,Fire,2020,2020-09-15,20,8,1,2020,9,3,1,Autumn,134,1456,94,3.0,2.0,572874885.6899999,20.166177903001703
4563,AL,DR,Hurricane,2020,2020-09-20,15,6,0,2020,9,3,6,Autumn,94,387,22,6.0,5.0,292206518.03000003,19.492971367196276
4564,FL,DR,Hurricane,2020,2020-09-23,14,9,1,2020,9,3,2,Autumn,161,388,46,8.0,3.0,215841751.5,19.190056069831083
4565,ND,DR,Severe Storm,2021,2020-10-02,6,95,0,2020,10,4,4,Autumn,64,984,20,85.0,22.0,2488987.34,14.727386896726463
4566,DE,DR,Hurricane,2021,2020-10-02,2,59,0,2020,10,4,4,Autumn,23,389,8,180.0,9.0,3367129.01,15.02957131040636
4567,NY,DR,Hurricane,2021,2020-10-02,7,59,0,2020,10,4,4,Autumn,102,390,12,196.0,0.0,814943095.26,20.518628848227692
3548,MS,EM,Hurricane,2021,2020-10-08,29,1,1,2020,10,4,3,Autumn,84,392,19,24.0,1.0,83091.21,11.327706233970497
4568,NC,DR,Hurricane,2021,2020-10-14,16,75,0,2020,10,4,2,Autumn,70,393,31,73.0,6.0,30600549.0,17.23652854061729
4569,CA,DR,Fire,2021,2020-10-16,12,42,1,2020,10,4,4,Autumn,340,1460,258,18.0,18.0,342500485.43,19.651783635899122
4570,LA,DR,Hurricane,2021,2020-10-16,64,10,0,2020,10,4,4,Autumn,92,394,31,9.0,2.0,126160011.61,18.653061600571494
3551,FL,EM,Hurricane,2021,2020-11-11,13,4,1,2020,11,4,2,Autumn,162,397,47,49.0,14.0,554277.02,13.225421681004496
4572,TX,DR,Hurricane,2021,2020-12-09,5,108,0,2020,12,4,2,Winter,360,398,23,107.0,28.0,67708028.02,18.03071532789622
4573,AL,DR,Hurricane,2021,2020-12-10,21,43,0,2020,12,4,3,Winter,95,399,23,81.0,1.0,61106119.74,17.92812259490198
4574,NJ,DR,Hurricane,2021,2020-12-11,11,129,0,2020,12,4,4,Winter,53,400,9,261.0,1.0,46315263.06,17.65098214204665
4575,OK,DR,Severe Ice Storm,2021,2020-12-21,29,56,0,2020,12,4,0,Winter,213,62,9,260.0,1396.0,173769968.23,18.97324296662528
4576,MS,DR,Hurricane,2021,2020-12-31,8,64,0,2020,12,4,3,Winter,86,401,21,64.0,20.0,122825531.43,18.62627547087627
3553,DC,EM,Other,2021,2021-01-11,1,0,1,2021,1,1,0,Winter,22,27,1,288.0,6.0,6215069.13,15.64248756685363
4577,LA,DR,Hurricane,2021,2021-01-12,35,78,0,2021,1,1,1,Winter,94,402,33,77.0,12.0,134636851.48,18.718091730271134
4578,UT,DR,Severe Storm,2021,2021-01-12,4,127,0,2021,1,1,1,Winter,47,985,2,127.0,102.0,9953968.58,16.1134819823381
4579,GA,DR,Hurricane,2021,2021-01-12,21,75,0,2021,1,1,1,Winter,70,403,13,289.0,0.0,15898362.56,16.58172674113904
4580,CT,DR,Hurricane,2021,2021-01-12,10,161,0,2021,1,1,1,Winter,36,404,11,159.0,0.0,40633910.22,17.520113527667494
4581,CO,DR,Fire,2021,2021-01-15,2,131,0,2021,1,1,4,Winter,98,1467,73,90.0,43.0,38498438.01,17.46612825324123
4583,MD,DR,Hurricane,2021,2021-02-04,3,185,0,2021,2,1,3,Winter,36,405,8,315.0,23.0,14602590.98,16.49670960379818
4584,WA,DR,Fire,2021,2021-02-04,12,156,0,2021,2,1,3,Winter,177,1468,116,148.0,20.0,51067447.76,17.748657841628983
4585,AK,DR,Mud/Landslide,2021,2021-02-17,5,79,0,2021,2,1,2,Winter,71,7,0,314.0,1037.0,45969592.67,17.643490728717897
4586,TX,DR,Severe Ice Storm,2021,2021-02-19,254,8,1,2021,2,1,4,Winter,362,66,2,5.0,1.0,104570163.6,18.465368835638753
4587,OK,DR,Severe Ice Storm,2021,2021-02-24,77,16,0,2021,2,1,2,Winter,215,67,11,7.0,5.0,3910548.12,15.179188361998488
4588,NC,DR,Severe Storm,2021,2021-03-03,19,111,0,2021,3,1,2,Spring,71,986,10,140.0,50.0,38779981.22,17.47341474929492
4589,ID,DR,Severe Storm,2021,2021-03-04,4,50,0,2021,3,1,3,Spring,50,987,7,329.0,1.0,14556774.21,16.4935670933722
4590,LA,DR,Severe Ice Storm,2021,2021-03-09,64,26,0,2021,3,1,1,Spring,96,68,2,19.0,13.0,36989491.99,17.426144457037218
4591,AL,DR,Biological,2021,2021-03-28,1,433,1,2021,3,1,6,Spring,96,166,3,108.0,54.0,2438739.06,14.706992095052618
4592,KY,DR,Severe Ice Storm,2021,2021-03-31,45,51,0,2021,3,1,2,Spring,80,69,2,341.0,22.0,74860079.03,18.131131329502235
4593,WA,DR,Severe Storm,2021,2021-04-08,18,100,0,2021,4,2,3,Spring,178,988,17,63.0,35.0,24401707.25,17.01016369805873
4594,TN,DR,Severe Ice Storm,2021,2021-04-21,13,69,0,2021,4,2,2,Spring,77,70,3,106.0,21.0,16368249.13,16.6108540487039
4595,KY,DR,Flood,2021,2021-04-23,50,55,0,2021,4,2,4,Spring,81,837,24,23.0,169.0,92116094.96,18.338560252079493
4596,AL,DR,Severe Storm,2021,2021-04-26,8,32,0,2021,4,2,0,Spring,97,989,41,29.0,18.0,12361365.43,16.330086556472327
4597,NJ,DR,Snowstorm,2021,2021-04-28,5,87,0,2021,4,2,2,Spring,54,165,6,138.0,1014.0,15236311.790000001,16.53919213603648
4598,MS,DR,Severe Ice Storm,2021,2021-05-04,37,82,0,2021,5,2,1,Spring,87,71,1,124.0,13.0,22506698.68,16.929323586407435
4599,OR,DR,Severe Storm,2021,2021-05-04,7,82,0,2021,5,2,1,Spring,135,990,16,231.0,8.0,24784627.25,17.025734190333
4600,GA,DR,Severe Storm,2021,2021-05-05,9,41,0,2021,5,2,2,Spring,71,991,15,113.0,1.0,30859394.53,17.244951817215554
4601,TN,DR,Tornado,2021,2021-05-08,24,44,0,2021,5,2,5,Spring,78,170,5,17.0,302.0,19753768.53,16.798854893378
4602,VA,DR,Severe Ice Storm,2021,2021-05-10,33,88,0,2021,5,2,0,Spring,69,72,0,403.0,6.0,64371666.970000006,17.980184155919275
4604,HI,DR,Flood,2021,2021-05-13,1,66,0,2021,5,2,3,Spring,58,838,10,292.0,20.0,7018597.26,15.764074078000997
4603,WV,DR,Severe Ice Storm,2021,2021-05-13,5,92,0,2021,5,2,3,Spring,73,73,0,405.0,3.0,5651776.73,15.547480696110936
4605,WV,DR,Flood,2021,2021-05-20,7,82,0,2021,5,2,3,Spring,74,839,30,7.0,7.0,6481701.26,15.684493728274758
4606,LA,DR,Flood,2021,2021-06-02,7,16,0,2021,6,2,2,Summer,97,840,28,85.0,13.0,11807200.05,16.28422016177849
3560,FL,EM,Other,2021,2021-06-25,1,1,1,2021,6,2,4,Summer,163,28,1,226.0,165.0,83482675.39,18.240149699913307
3561,FL,EM,Severe Storm,2021,2021-07-04,37,0,1,2021,7,3,6,Summer,164,992,22,9.0,60.0,2157862.5100000002,14.584629174421826
4607,MI,DR,Severe Storm,2021,2021-07-15,5,20,0,2021,7,3,3,Summer,42,993,9,371.0,11.0,35692049.25,17.390438539879703
4608,MT,DR,Other,2021,2021-08-13,5,64,0,2021,8,3,4,Summer,95,29,0,3.0,49.0,3696491.57,15.122894973967803
3562,FL,EM,Hurricane,2021,2021-08-16,23,3,1,2021,8,3,0,Summer,165,406,48,43.0,193.0,10578.039999999999,9.266629964055342
3564,CT,EM,Hurricane,2021,2021-08-22,10,1,1,2021,8,3,6,Summer,37,411,12,222.0,0.0,216592.19,12.285776172611554
4609,TN,DR,Flood,2021,2021-08-23,4,2,0,2021,8,3,0,Summer,79,841,18,107.0,82.0,90283372.41,18.31846387529881
4610,CA,DR,Fire,2021,2021-08-24,6,41,1,2021,8,3,1,Summer,349,1501,267,7.0,5.0,550088234.9200001,20.1255892522689
4611,LA,DR,Hurricane,2021,2021-08-29,64,3,1,2021,8,3,6,Summer,99,414,35,2.0,1.0,3630470883.08,22.012628196942472
4613,ND,DR,Severe Storm,2021,2021-09-01,9,86,0,2021,9,3,2,Autumn,65,994,21,334.0,48.0,2517017.0,14.738585425462562
4612,MO,DR,Severe Storm,2021,2021-09-01,21,69,0,2021,9,3,2,Autumn,74,995,35,419.0,0.0,15219964.17,16.538118621958926
4614,NJ,DR,Hurricane,2021,2021-09-05,21,4,0,2021,9,3,6,Autumn,56,417,11,3.0,3.0,365429056.2,19.716582720366645
4615,NY,DR,Hurricane,2021,2021-09-05,14,4,0,2021,9,3,6,Autumn,105,418,15,3.0,0.0,564285237.08,20.15107042289491
4616,NE,DR,Severe Storm,2021,2021-09-06,14,59,0,2021,9,3,0,Autumn,72,996,30,520.0,5.0,27764539.52,17.13927024362842
4617,NC,DR,Hurricane,2021,2021-09-08,11,23,0,2021,9,3,2,Autumn,72,419,32,189.0,3.0,36612026.09,17.41588735340787
4618,PA,DR,Hurricane,2021,2021-09-10,13,10,0,2021,9,3,4,Autumn,62,420,8,529.0,2.0,109263762.12,18.50927536222049
4619,CA,DR,Fire,2021,2021-09-12,2,29,1,2021,9,3,6,Autumn,352,1504,270,11.0,11.0,182864362.07999998,19.024255250636838
4620,AZ,DR,Flood,2021,2021-09-13,3,53,0,2021,9,3,0,Autumn,102,842,14,99.0,21.0,5109251.27,15.446563624662899
3574,LA,EM,Coastal Storm,2021,2021-09-13,64,1,1,2021,9,3,0,Autumn,100,29,4,15.0,463.0,80381.85,11.29455612395586
4621,VT,DR,Flood,2021,2021-09-29,2,62,0,2021,9,3,2,Autumn,51,843,16,38.0,16.0,7170595.33,15.785499379270775
4622,NH,DR,Severe Storm,2021,2021-09-30,1,75,0,2021,9,3,3,Autumn,55,997,22,545.0,24.0,2416849.0,14.697975597354333
4623,MT,DR,Fire,2021,2021-09-30,2,53,0,2021,9,3,3,Autumn,96,1506,63,48.0,7.0,4560435.67,15.332928937870692
4624,NH,DR,Flood,2022,2021-10-04,2,67,0,2021,10,4,0,Autumn,56,844,10,4.0,5.0,14125005.07,16.4634572647312
4625,NY,DR,Hurricane,2022,2021-10-08,9,51,0,2021,10,4,4,Autumn,106,421,16,33.0,28.0,119405010.77,18.59803173266498
4626,MS,DR,Hurricane,2022,2021-10-22,82,55,0,2021,10,4,4,Autumn,89,422,23,55.0,14.0,29937417.490000002,17.214619710459466
4627,DE,DR,Hurricane,2022,2021-10-24,1,53,0,2021,10,4,6,Autumn,24,423,9,387.0,2.0,6392436.76,15.670626249690224
4628,VA,DR,Flood,2022,2021-10-26,1,57,0,2021,10,4,1,Autumn,70,845,15,169.0,22.0,1691199.7999999998,14.340949367134895
4629,CT,DR,Hurricane,2022,2021-10-30,7,59,0,2021,10,4,5,Autumn,38,424,13,69.0,6.0,13249966.82,16.39950568171431
4630,KY,DR,Tornado,2022,2021-12-12,23,2,0,2021,12,4,6,Winter,83,172,6,1.0,1.0,167082577.49,18.933998730141152
3577,IL,EM,Tornado,2022,2021-12-13,14,3,0,2021,12,4,0,Winter,63,174,10,627.0,0.0,252457.03,12.439000296060057
4631,WA,DR,Fire,2022,2021-12-21,1,162,0,2021,12,4,1,Winter,187,1512,125,124.0,6.0,3322451.54,15.016213785043135
4634,CO,DR,Fire,2022,2021-12-31,1,1,1,2021,12,4,4,Winter,100,1514,75,1.0,1.0,45189660.22,17.626378884568037
4635,WA,DR,Flood,2022,2022-01-05,12,61,0,2022,1,1,2,Winter,188,846,31,15.0,71.0,71870260.88,18.090373133239293
4636,MO,DR,Severe Storm,2022,2022-01-10,7,31,0,2022,1,1,0,Winter,75,999,36,131.0,20.0,12272634.559999999,16.32288259068752
4637,TN,DR,Tornado,2022,2022-01-14,14,35,0,2022,1,1,4,Winter,81,176,7,32.0,22.0,19055469.18,16.76286476687416
4638,AK,DR,Severe Storm,2022,2022-01-15,1,78,0,2022,1,1,5,Winter,72,1000,18,332.0,5.0,4388596.58,15.294520276155053
4639,HI,DR,Severe Storm,2022,2022-02-15,2,72,0,2022,2,1,1,Winter,60,1001,8,198.0,31.0,6683006.85,15.715078721114693
4640,KS,DR,Severe Storm,2022,2022-02-17,55,64,0,2022,2,1,3,Winter,79,1002,38,690.0,2.0,23090140.66,16.954916316435288
4642,IA,DR,Severe Storm,2022,2022-02-23,25,70,0,2022,2,1,2,Winter,72,1003,30,531.0,6.0,6571497.5200000005,15.698252449689232
4641,NE,DR,Severe Storm,2022,2022-02-23,25,70,0,2022,2,1,2,Winter,73,1004,31,170.0,0.0,8768267.549999999,15.986649916122426
4643,KY,DR,Severe Storm,2022,2022-02-27,13,58,0,2022,2,1,6,Winter,84,1005,31,77.0,4.0,16239672.73,16.602967801978746
4644,VA,DR,Severe Storm,2022,2022-03-11,28,68,0,2022,3,1,4,Spring,71,1006,17,136.0,12.0,107662070.15,18.494507908790546
4645,TN,DR,Severe Storm,2022,2022-03-11,7,36,0,2022,3,1,4,Spring,82,1007,35,56.0,0.0,35372030.64,17.381431999170182
4646,AK,DR,Severe Storm,2022,2022-03-14,1,72,0,2022,3,1,0,Spring,73,1008,19,58.0,3.0,6297791.5200000005,15.655709736308768
4647,ME,DR,Coastal Storm,2022,2022-03-15,3,136,0,2022,3,1,1,Spring,62,30,2,710.0,183.0,7242494.78,15.795476425953744
4648,AK,DR,Severe Storm,2022,2022-03-24,3,89,0,2022,3,1,3,Spring,74,1009,20,10.0,10.0,3265999.69,14.999076763780131
4650,WA,DR,Flood,2022,2022-03-29,24,93,0,2022,3,1,1,Spring,189,848,32,83.0,0.0,27759388.16,17.13908468903801
4651,MA,DR,Snowstorm,2022,2022-04-18,5,80,0,2022,4,2,0,Spring,55,166,9,239.0,355.0,24385610.14,17.009503808940597
4652,NM,DR,Fire,2022,2022-05-04,7,29,1,2022,5,2,2,Spring,110,1530,64,4.0,4.0,329924322.56,19.61437386358091
4653,RI,DR,Snowstorm,2022,2022-05-12,6,104,0,2022,5,2,3,Spring,26,167,6,264.0,24.0,8762169.86,15.985954247279984
4654,KS,DR,Snowstorm,2022,2022-05-25,20,69,0,2022,5,2,2,Spring,81,168,2,81.0,13.0,19424716.95,16.78205693416405
4655,MT,DR,Flood,2022,2022-06-16,7,6,1,2022,6,2,3,Summer,97,849,13,259.0,79.0,41551144.61,17.54243565072679
4656,SD,DR,Severe Storm,2022,2022-06-29,22,48,0,2022,6,2,2,Summer,85,1010,29,268.0,97.0,11389609.34,16.248212124127015
4658,MN,DR,Severe Storm,2022,2022-07-08,23,61,0,2022,7,3,4,Summer,74,1012,24,822.0,9.0,13662813.64,16.430188440661958
4659,MN,DR,Flood,2022,2022-07-13,19,82,0,2022,7,3,2,Summer,75,850,28,5.0,27.0,21274106.56,16.87300128371779
4660,ND,DR,Severe Storm,2022,2022-07-13,40,82,0,2022,7,3,2,Summer,66,1013,22,315.0,5.0,73420589.6,18.111714980130273
3581,VI,EM,Other,2022,2022-07-25,1,10,1,2022,7,3,0,Summer,29,30,0,726.0,346.0,312742.69,12.65313925226631
4661,AK,DR,Mud/Landslide,2022,2022-07-26,1,80,0,2022,7,3,1,Summer,76,8,1,30.0,524.0,1102035.56,13.912670444188242
4662,NE,DR,Severe Storm,2022,2022-07-27,20,76,0,2022,7,3,2,Summer,75,1014,32,95.0,14.0,15343849.32,16.5462253211047
4663,KY,DR,Flood,2022,2022-07-29,20,3,1,2022,7,3,4,Summer,85,851,25,152.0,16.0,466866313.37,19.961553509919266
4664,SD,DR,Severe Storm,2022,2022-08-02,6,52,0,2022,8,3,1,Summer,86,1015,30,34.0,6.0,1644634.91,14.31302958637723
4665,MO,DR,Flood,2022,2022-08-08,4,14,0,2022,8,3,0,Summer,76,852,23,210.0,10.0,25284698.38,17.045710003163133
4666,MN,DR,Severe Storm,2022,2022-08-09,23,72,0,2022,8,3,1,Summer,76,1016,25,27.0,7.0,7230916.39,15.793876472669204
4667,AK,DR,Flood,2022,2022-08-26,3,110,0,2022,8,3,4,Summer,77,853,14,31.0,18.0,1695455.99,14.343462873077746
3582,MS,EM,Other,2022,2022-08-30,1,0,1,2022,8,3,1,Summer,90,31,0,312.0,36.0,7182572.16,15.787168255652137
4668,AZ,DR,Severe Storm,2022,2022-09-02,1,47,0,2022,9,3,4,Autumn,106,1017,12,82.0,24.0,815764.95,13.611882766823413
4669,AS,DR,Severe Storm,2022,2022-09-15,1,65,0,2022,9,3,3,Autumn,16,1018,2,881.0,13.0,1326886.25,14.0983463436156
4670,OK,DR,Severe Storm,2022,2022-09-20,1,141,0,2022,9,3,1,Autumn,218,1019,45,83.0,5.0,205733.56,12.234342073196146
4671,PR,DR,Hurricane,2022,2022-09-21,78,4,0,2022,9,3,2,Autumn,47,426,19,3.0,3.0,1794910747.18,21.308221135188056
4672,AK,DR,Severe Storm,2022,2022-09-23,5,8,0,2022,9,3,4,Autumn,78,1020,21,28.0,3.0,95936310.92,18.379195111773345
4673,FL,DR,Hurricane,2022,2022-09-29,69,6,1,2022,9,3,3,Autumn,169,428,50,5.0,5.0,2831163951.4,21.76395375464547
4674,VA,DR,Severe Storm,2022,2022-09-30,2,79,0,2022,9,3,4,Autumn,72,1021,18,203.0,7.0,11279745.37,16.23851931885232
4675,FL,DR,Hurricane,2022,2022-09-30,6,7,1,2022,9,3,4,Autumn,170,430,51,1.0,1.0,2013608.96,14.51543966915573
3586,NC,EM,Hurricane,2023,2022-10-01,101,3,1,2022,10,4,5,Autumn,73,431,33,388.0,1.0,960363.88,13.77506857456398
3589,NY,EM,Winter Storm,2023,2022-11-20,11,2,1,2022,11,4,6,Autumn,107,0,0,408.0,,1192605.44,13.991651755623023
4677,SC,DR,Hurricane,2023,2022-11-21,46,57,0,2022,11,4,0,Autumn,39,432,18,53.0,51.0,22277351.82,16.91908115178127
4679,WV,DR,Severe Storm,2023,2022-11-28,1,106,0,2022,11,4,0,Autumn,75,1022,25,557.0,59.0,4382915.17,15.293224853048748
4678,WV,DR,Flood,2023,2022-11-28,1,139,0,2022,11,4,0,Autumn,76,855,31,0.0,45.0,3082243.6999999997,14.941168688206245
4680,FL,DR,Hurricane,2023,2022-12-13,63,36,0,2022,12,4,1,Winter,173,433,52,34.0,22.0,116514555.95,18.57352677552465
4681,AZ,DR,Flood,2023,2022-12-30,1,90,0,2022,12,4,4,Winter,107,856,15,119.0,32.0,7345653.92,15.809619529033768
4682,WA,DR,Severe Storm,2023,2023-01-12,9,70,0,2023,1,1,3,Winter,193,1023,18,87.0,45.0,17860049.2,16.698076944158956
4683,CA,DR,Flood,2023,2023-01-14,44,18,1,2023,1,1,5,Winter,361,858,38,5.0,5.0,403931519.88,19.81675591878593
4684,AL,DR,Severe Storm,2023,2023-01-15,13,3,0,2023,1,1,6,Winter,99,1024,43,390.0,3.0,16396938.68,16.612605270503522
4685,GA,DR,Severe Storm,2023,2023-01-16,9,4,0,2023,1,1,0,Winter,72,1025,16,621.0,1.0,36328111.89,17.408102459275465
4686,ND,DR,Snowstorm,2023,2023-02-05,7,88,0,2023,2,1,6,Winter,67,169,3,207.0,256.0,1740753.86,14.369829404700939
4687,SD,DR,Winter Storm,2023,2023-02-20,1,70,0,2023,2,1,0,Winter,87,2,0,202.0,56.0,819070.62,13.615926807119292
4688,SD,DR,Winter Storm,2023,2023-02-20,1,70,0,2023,2,1,0,Winter,88,3,1,0.0,0.0,303475.35,12.623058962227978
4689,SD,DR,Winter Storm,2023,2023-02-27,17,77,0,2023,2,1,0,Winter,89,4,2,7.0,7.0,2303950.83,14.650136393461306
4690,OK,DR,Severe Storm,2023,2023-03-03,1,72,0,2023,3,1,4,Spring,219,1026,46,164.0,46.0,264581.77,12.485909411384805
4691,TN,DR,Winter Storm,2023,2023-03-08,11,76,0,2023,3,1,2,Spring,83,5,0,362.0,9.0,7378677.61,15.814105130409764
4692,CA,DR,Earthquake,2023,2023-03-08,1,78,0,2023,3,1,2,Spring,362,35,13,53.0,972.0,476397.69,13.074010366669409
4694,NY,DR,Snowstorm,2023,2023-03-15,5,82,0,2023,3,1,2,Spring,109,170,20,79.0,38.0,29789781.71,17.209676030604456
4693,NH,DR,Severe Storm,2023,2023-03-15,4,83,0,2023,3,1,2,Spring,57,1027,23,527.0,12.0,3390402.02,15.036459357246128
4695,VT,DR,Severe Storm,2023,2023-03-20,8,88,0,2023,3,1,0,Spring,52,1028,25,537.0,5.0,5015135.62,15.42797122128029
4696,ME,DR,Severe Storm,2023,2023-03-22,6,89,0,2023,3,1,2,Spring,63,1029,22,372.0,2.0,4971502.86,15.419232939827591
4697,MS,DR,Severe Storm,2023,2023-03-26,7,2,0,2023,3,1,6,Spring,91,1030,38,208.0,4.0,78459709.21000001,18.178095805264476
4698,AR,DR,Severe Storm,2023,2023-04-02,3,2,0,2023,4,2,6,Spring,79,1031,28,465.0,7.0,119440584.62,18.598329614230746
4699,CA,DR,Severe Storm,2023,2023-04-03,46,41,1,2023,4,2,0,Spring,364,1032,17,24.0,1.0,238982294.43,19.291900029453153
4700,AR,DR,Winter Storm,2023,2023-04-04,13,64,0,2023,4,2,1,Spring,80,6,0,2.0,27.0,9929960.84,16.11106719311367
4701,TN,DR,Severe Storm,2023,2023-04-07,13,7,0,2023,4,2,4,Spring,84,1033,36,30.0,4.0,46440681.27,17.65368640611585
4702,KY,DR,Severe Storm,2023,2023-04-10,88,38,0,2023,4,2,0,Spring,86,1034,32,255.0,3.0,31265729.89,17.258033195969208
4704,IN,DR,Severe Storm,2023,2023-04-15,13,15,0,2023,4,2,5,Spring,51,1036,24,1107.0,4.0,13787651.75,16.43928402135832
4705,TX,DR,Winter Storm,2023,2023-04-21,23,81,0,2023,4,2,4,Spring,371,7,0,276.0,17.0,79167964.66,18.18708230097309
4706,OK,DR,Tornado,2023,2023-04-24,3,5,0,2023,4,2,0,Spring,223,177,11,24.0,465.0,18433178.53,16.729662834028343
4707,CA,DR,Winter Storm,2023,2023-04-25,1,70,0,2023,4,2,1,Spring,365,8,0,22.0,4.0,701290.11,13.460678357986648
4709,FL,DR,Flood,2023,2023-04-27,1,15,0,2023,4,2,3,Spring,174,860,13,135.0,48.0,52701946.690000005,17.780162970893173
4708,NV,DR,Flood,2023,2023-04-27,6,50,0,2023,4,2,3,Spring,100,861,11,256.0,0.0,10793855.31,16.19448767004692
4710,AL,DR,Severe Storm,2023,2023-05-05,10,42,0,2023,5,2,4,Spring,100,1037,44,110.0,20.0,12189470.9,16.316083178123606
4711,KY,DR,Flood,2023,2023-05-09,22,83,0,2023,5,2,1,Spring,87,862,26,29.0,12.0,21458421.7,16.881627792931585
4712,TN,DR,Severe Storm,2023,2023-05-17,45,77,0,2023,5,2,2,Spring,85,1038,37,40.0,12.0,29059096.11,17.18484214576826
4713,CA,DR,Severe Storm,2023,2023-05-18,1,84,0,2023,5,2,3,Spring,366,1039,18,23.0,1.0,162233.2,11.996796249239024
4714,CA,DR,Severe Storm,2023,2023-05-25,1,75,0,2023,5,2,3,Spring,367,1040,19,7.0,7.0,476684.72,13.074612684797092
4715,GU,DR,Hurricane,2023,2023-05-25,1,3,1,2023,5,2,3,Spring,20,434,0,3.0,163.0,72249034.21,18.095629531372847
4716,MP,DR,Tropical Storm,2023,2023-06-02,3,11,0,2023,6,2,4,Summer,24,4,1,11.0,11.0,1544004.64,14.249890662409928
4717,ND,DR,Flood,2023,2023-07-05,21,86,0,2023,7,3,2,Summer,68,863,32,150.0,57.0,6541703.41,15.69370830262952
4718,SD,DR,Flood,2023,2023-07-06,11,88,0,2023,7,3,3,Summer,90,864,18,129.0,1.0,5825018.99,15.577672989169807
4719,ME,DR,Flood,2023,2023-07-06,8,67,0,2023,7,3,3,Summer,64,865,13,106.0,0.0,13755010.21,16.436913767316852
4720,VT,DR,Flood,2023,2023-07-14,14,7,1,2023,7,3,4,Summer,54,867,18,4.0,4.0,296087905.98,19.506166951238143
4722,MN,DR,Flood,2023,2023-07-19,26,99,0,2023,7,3,2,Summer,77,868,29,344.0,5.0,10772016.16,16.192462325931295
4721,OK,DR,Severe Storm,2023,2023-07-19,25,35,0,2023,7,3,2,Summer,224,1041,47,86.0,55.0,40942174.45,17.52767127430399
4723,NY,DR,Severe Storm,2023,2023-07-22,9,13,0,2023,7,3,5,Summer,110,1042,28,129.0,3.0,59157144.24,17.895707939740607
4724,HI,DR,Fire,2023,2023-08-10,2,2,1,2023,8,3,3,Summer,66,1571,25,1.0,1.0,741496792.49,20.424181395176877
4725,NJ,DR,Severe Storm,2023,2023-08-11,1,28,0,2023,8,3,4,Summer,57,1043,18,705.0,20.0,16130738.1,16.596237270502336
4726,MT,DR,Flood,2023,2023-08-12,8,124,0,2023,8,3,5,Summer,98,869,14,422.0,24.0,1253511.75,14.0414603680485
4727,MS,DR,Severe Storm,2023,2023-08-12,30,59,0,2023,8,3,5,Summer,92,1044,39,139.0,1.0,9389841.72,16.05513910131041
4728,IL,DR,Severe Storm,2023,2023-08-15,22,47,0,2023,8,3,1,Summer,65,1045,25,305.0,3.0,24707629.45,17.022622678991887
4729,TN,DR,Severe Storm,2023,2023-08-17,3,53,0,2023,8,3,3,Summer,86,1046,38,92.0,2.0,20898992.89,16.85521157654186
4730,AK,DR,Flood,2023,2023-08-23,10,103,0,2023,8,3,2,Summer,80,870,15,20.0,11.0,19152631.06,16.767950708532737
4731,CO,DR,Flood,2023,2023-08-25,14,78,0,2023,8,3,4,Summer,101,871,13,602.0,2.0,26847473.28,17.105682306710513
4732,IA,DR,Flood,2023,2023-08-25,7,123,0,2023,8,3,4,Summer,73,872,29,548.0,0.0,8210572.35,15.920933314556605
4733,OR,DR,Mud/Landslide,2023,2023-08-28,1,78,0,2023,8,3,0,Summer,144,9,0,4.0,398.0,2175995.67,14.592997356625917
3597,SC,EM,Hurricane,2023,2023-08-31,46,2,1,2023,8,3,3,Summer,40,435,19,283.0,98.0,2635138.07,14.784446516553505
4734,FL,DR,Hurricane,2023,2023-08-31,49,4,1,2023,8,3,3,Summer,176,436,53,3.0,0.0,402423360.15,19.813015229612418
4735,TN,DR,Severe Storm,2023,2023-09-04,4,48,0,2023,9,3,0,Autumn,87,1047,39,18.0,18.0,14606351.99,16.496967128335587
4736,ME,DR,Flood,2023,2023-09-05,1,68,0,2023,9,3,1,Autumn,65,873,14,61.0,11.0,3786643.42,15.146990807571912
4737,ME,DR,Flood,2023,2023-09-06,1,72,0,2023,9,3,2,Autumn,66,874,15,1.0,1.0,1007524.08,13.82300746579339
4738,GA,DR,Hurricane,2023,2023-09-07,32,8,0,2023,9,3,3,Autumn,73,437,14,234.0,7.0,58944118.13,17.89210041966592
4739,WY,DR,Flood,2023,2023-09-11,1,88,0,2023,9,3,0,Autumn,38,875,6,1080.0,5.0,899510.2,13.709606783657074
4740,NH,DR,Flood,2023,2023-09-14,7,67,0,2023,9,3,3,Autumn,58,876,11,183.0,3.0,12537052.82,16.344199122981983
3598,ME,EM,Hurricane,2023,2023-09-14,16,0,1,2023,9,3,3,Autumn,67,438,5,8.0,7.0,21090.56,9.956628239442818
3599,MA,EM,Hurricane,2023,2023-09-15,14,0,1,2023,9,3,4,Autumn,56,439,11,515.0,1.0,194207.73,12.176688787485
4741,MO,DR,Severe Storm,2023,2023-09-21,33,54,0,2023,9,3,3,Autumn,77,1048,37,409.0,17.0,15844153.58,16.578311194051004
3600,LA,EM,Other,2023,2023-09-27,5,7,1,2023,9,3,2,Autumn,105,32,1,28.0,393.0,33234337.27,17.31909418462322
4742,TN,DR,Severe Storm,2023,2023-09-27,10,51,0,2023,9,3,2,Autumn,88,1049,40,23.0,6.0,10089089.39,16.126965238612947
4743,CA,DR,Hurricane,2023,2023-09-27,1,39,0,2023,9,3,2,Autumn,368,440,1,125.0,12.0,1435259.0,14.176856575432888
4744,VT,DR,Flood,2024,2023-10-06,1,64,0,2023,10,4,4,Autumn,55,877,19,84.0,22.0,3747269.26,15.136538202209756
4745,MT,DR,Flood,2024,2023-10-11,10,132,0,2023,10,4,2,Autumn,100,878,15,53.0,5.0,2873541.41,14.871056115825718
4746,CA,DR,Tropical Storm,2024,2023-10-18,1,60,0,2023,10,4,2,Autumn,369,8,0,21.0,10.0,543053.87,13.20496564353465
4747,KS,DR,Severe Storm,2024,2023-10-26,21,104,0,2023,10,4,3,Autumn,83,1050,39,196.0,29.0,10451155.06,16.162223158007492
4748,AR,DR,Severe Storm,2024,2023-11-14,4,142,0,2023,11,4,1,Autumn,81,1051,29,224.0,19.0,4228835.57,15.257437470638129
3603,VI,EM,Other,2024,2023-11-18,1,24,1,2023,11,4,5,Autumn,30,33,1,481.0,52.0,1216773.76,14.0117142767798
4750,CA,DR,Hurricane,2024,2023-11-21,5,94,0,2023,11,4,1,Autumn,370,441,2,34.0,55.0,33108361.61,17.31529645526525
4751,TN,DR,Severe Storm,2024,2023-12-13,9,4,0,2023,12,4,2,Winter,89,1052,41,77.0,29.0,15616879.03,16.563862940427285
4752,UT,DR,Flood,2024,2023-12-23,5,236,0,2023,12,4,5,Winter,51,880,9,861.0,33.0,14499307.360000001,16.48961150694281
4754,ME,DR,Severe Storm,2024,2024-01-30,10,44,0,2024,1,1,1,Winter,68,1055,23,138.0,17.0,37715978.45,17.44559442070596
4755,NY,DR,Flood,2024,2024-01-30,3,124,0,2024,1,1,1,Winter,111,881,25,192.0,38.0,12336326.69,16.32805893814839
4756,WV,DR,Flood,2024,2024-01-30,6,155,0,2024,1,1,1,Winter,77,882,32,428.0,0.0,4817396.83,15.38774447095028
4759,WA,DR,Fire,2024,2024-02-15,2,181,0,2024,2,1,3,Winter,201,1580,136,180.0,169.0,6250665.67,15.648198683224043
4760,ND,DR,Winter Storm,2024,2024-02-15,13,52,0,2024,2,1,3,Winter,69,9,0,225.0,296.0,11739996.120000001,16.278512127049034
4761,NH,DR,Severe Storm,2024,2024-02-27,3,72,0,2024,2,1,1,Winter,59,1056,24,166.0,28.0,4075217.98,15.220435040636609
4762,VT,DR,Severe Storm,2024,2024-03-02,7,75,0,2024,3,1,5,Spring,56,1057,26,148.0,4.0,6763583.42,15.72706354713675
4764,ME,DR,Severe Storm,2024,2024-03-20,8,71,0,2024,3,1,2,Spring,69,1058,24,50.0,18.0,49523911.17,17.717966185037582
4766,RI,DR,Severe Storm,2024,2024-03-20,4,71,0,2024,3,1,2,Spring,30,1060,7,0.0,0.0,6038817.39,15.613718919978096
4767,AK,DR,Mud/Landslide,2024,2024-04-06,3,138,0,2024,4,2,5,Spring,82,11,3,22.0,22.0,897510.09,13.70738075581419
4769,CA,DR,Severe Storm,2024,2024-04-13,9,73,0,2024,4,2,5,Spring,372,1061,20,54.0,24.0,34200967.13,17.34776450952691
4768,OR,DR,Severe Storm,2024,2024-04-13,13,94,0,2024,4,2,5,Spring,145,1062,17,229.0,0.0,37061493.2,17.428089096411313
4773,CA,DR,Severe Storm,2024,2024-04-19,1,80,0,2024,4,2,4,Spring,373,1063,21,6.0,6.0,204081.9,12.226281562828412
4772,CA,DR,Severe Storm,2024,2024-04-19,1,79,0,2024,4,2,4,Spring,374,1064,22,0.0,0.0,1734151.75,14.36602952356163
4771,NH,DR,Severe Storm,2024,2024-04-19,2,101,0,2024,4,2,4,Spring,60,1065,25,52.0,0.0,2778970.59,14.837591485570549
4770,VT,DR,Severe Storm,2024,2024-04-19,5,101,0,2024,4,2,4,Spring,57,1066,27,48.0,0.0,4466206.14,15.312050091856134
4774,KS,DR,Winter Storm,2024,2024-04-28,17,111,0,2024,4,2,6,Spring,84,10,0,185.0,73.0,11472877.19,16.255496389623897
4775,WA,DR,Severe Storm,2024,2024-04-28,17,114,0,2024,4,2,6,Spring,202,1067,19,73.0,9.0,10395587.07,16.156892050064666
4776,OK,DR,Tornado,2024,2024-04-30,25,5,1,2024,4,2,1,Spring,227,178,12,24.0,372.0,33389487.78,17.323751701230602
4778,NE,DR,Tornado,2024,2024-05-03,6,8,0,2024,5,2,4,Spring,77,180,5,390.0,1.0,8158156.2,15.914528868102769
4779,IA,DR,Tornado,2024,2024-05-14,9,18,0,2024,5,2,1,Spring,74,181,4,263.0,11.0,6361708.81,15.665807737236147
4781,TX,DR,Flood,2024,2024-05-17,83,21,1,2024,5,2,4,Spring,374,886,40,80.0,2.0,234055705.26,19.271069705930138
4783,WV,DR,Severe Storm,2024,2024-05-22,15,50,0,2024,5,2,2,Spring,78,1069,26,113.0,0.0,19359533.93,16.778695617313424
4784,IA,DR,Severe Storm,2024,2024-05-24,29,4,1,2024,5,2,4,Spring,75,1070,31,10.0,2.0,25678732.03,17.061173698730926
4785,ME,DR,Winter Storm,2024,2024-05-24,2,51,0,2024,5,2,4,Spring,70,11,0,65.0,26.0,4946163.09,15.414122902817262
4786,NE,DR,Severe Storm,2024,2024-05-24,8,48,0,2024,5,2,4,Spring,78,1071,33,21.0,0.0,15700709.73,16.56921653872066
4787,WV,DR,Flood,2024,2024-05-24,13,43,0,2024,5,2,4,Spring,79,887,33,2.0,7.0,15082927.280000001,16.529074084716875
4788,AR,DR,Severe Storm,2024,2024-05-30,11,6,0,2024,5,2,3,Spring,82,1072,30,198.0,6.0,53799389.089999996,17.800772688450653
4789,ID,DR,Flood,2024,2024-06-10,3,57,0,2024,6,2,0,Summer,54,888,17,644.0,17.0,5781670.9,15.570203454877456
4791,OK,DR,Severe Storm,2024,2024-06-14,10,26,0,2024,6,2,4,Summer,228,1074,48,45.0,4.0,11830882.9,16.286223949985047
4792,TN,DR,Severe Storm,2024,2024-06-17,12,40,0,2024,6,2,0,Summer,90,1075,42,187.0,3.0,13920121.41,16.44884600665372
4793,HI,DR,Flood,2024,2024-06-17,1,67,0,2024,6,2,0,Summer,67,889,11,312.0,7.0,659588.97,13.399373663366399
4794,FL,DR,Severe Storm,2024,2024-06-17,13,38,0,2024,6,2,0,Summer,177,1076,23,291.0,0.0,31377246.23,17.261593577711842
4795,NM,DR,Fire,2024,2024-06-20,5,3,1,2024,6,2,3,Summer,116,1593,70,2.0,2.0,42724088.72,17.570273481180156
4796,IA,DR,Severe Storm,2024,2024-06-24,29,8,1,2024,6,2,0,Summer,76,1077,32,31.0,7.0,118933515.04,18.594075206211603
4797,MN,DR,Flood,2024,2024-06-28,32,12,1,2024,6,2,4,Summer,78,890,30,345.0,11.0,30717944.73,17.240357593239565
4798,TX,DR,Hurricane,2024,2024-07-09,67,4,0,2024,7,3,1,Summer,375,442,24,53.0,231.0,254161766.78,19.35348150328378
4799,NH,DR,Winter Storm,2024,2024-07-10,5,98,0,2024,7,3,2,Summer,61,12,0,82.0,47.0,1216890.4,14.01181013216211
4800,KS,DR,Severe Storm,2024,2024-07-15,13,81,0,2024,7,3,0,Summer,85,1078,40,78.0,21.0,6123368.59,15.627623089572626
4801,MT,DR,Severe Storm,2024,2024-07-18,12,73,0,2024,7,3,3,Summer,102,1079,12,6.0,3.0,3360559.19,15.027618241256903
4805,PR,DR,Flood,2024,2024-07-23,13,85,0,2024,7,3,1,Summer,48,891,10,671.0,25.0,79526726.65,18.191603719978406
4802,OK,DR,Severe Storm,2024,2024-07-23,1,131,0,2024,7,3,1,Summer,229,1080,49,39.0,5.0,195750.0,12.184598722396833
4803,MO,DR,Severe Storm,2024,2024-07-23,15,65,0,2024,7,3,1,Summer,78,1081,38,306.0,0.0,19445216.43,16.783111707304275
4804,KY,DR,Severe Storm,2024,2024-07-23,58,63,0,2024,7,3,1,Summer,89,1082,34,62.0,0.0,26133681.26,17.07873554834911
3606,SC,EM,Tropical Storm,2024,2024-08-05,46,1,1,2024,8,3,0,Summer,41,10,0,340.0,2.0,17716.5,9.782308130684411
3608,NC,EM,Tropical Storm,2024,2024-08-06,74,1,1,2024,8,3,1,Summer,74,12,0,675.0,1.0,5039190.89,15.43275628790612
4806,FL,DR,Tropical Storm,2024,2024-08-10,61,9,1,2024,8,3,5,Summer,179,14,4,7.0,2.0,166772846.52,18.93214324998578
4807,SD,DR,Flood,2024,2024-08-15,25,60,0,2024,8,3,3,Summer,91,892,19,406.0,23.0,31402730.79,17.26240544677576
4808,NE,DR,Severe Storm,2024,2024-08-20,19,92,0,2024,8,3,1,Summer,79,1084,34,88.0,7.0,8346665.640000001,15.937372812333175
4809,NM,DR,Flood,2024,2024-08-20,1,61,0,2024,8,3,1,Summer,117,893,19,61.0,5.0,3283172.84,15.004321146650533
4810,VT,DR,Severe Storm,2024,2024-08-20,8,42,0,2024,8,3,1,Summer,59,1085,28,12.0,0.0,65242551.37,17.99362245772925
4811,KS,DR,Severe Storm,2024,2024-08-20,14,93,0,2024,8,3,1,Summer,86,1086,41,36.0,0.0,3097682.22,14.946165041664255
4812,NH,DR,Severe Storm,2024,2024-08-20,2,41,0,2024,8,3,1,Summer,62,1087,26,41.0,0.0,6477776.85,15.683888085133729
4813,MT,DR,Straight-Line Winds,2024,2024-08-23,2,30,0,2024,8,3,4,Summer,103,0,0,36.0,,2217751.11,14.612004677797103
4814,NY,DR,Flood,2024,2024-08-29,5,50,0,2024,8,3,3,Summer,113,894,26,4.0,9.0,14551206.51,16.49318453851627
3614,LA,EM,Hurricane,2024,2024-09-10,64,0,1,2024,9,3,1,Autumn,106,443,36,349.0,63.0,10236.38,9.233801006480904
4815,PA,DR,Tropical Storm,2024,2024-09-11,13,33,0,2024,9,3,2,Autumn,63,16,0,1097.0,24.0,40658081.660000004,17.520708209617304
4816,VT,DR,Flood,2024,2024-09-11,1,20,0,2024,9,3,2,Autumn,60,895,20,22.0,13.0,2601858.5,14.771736939671259
4817,LA,DR,Hurricane,2024,2024-09-16,22,7,0,2024,9,3,0,Autumn,107,444,37,6.0,6.0,75051405.88,18.133683861770773
4818,NY,DR,Tropical Storm,2024,2024-09-20,1,43,0,2024,9,3,4,Autumn,114,17,0,22.0,9.0,14231000.38,16.47093333863719
4820,CT,DR,Severe Storm,2024,2024-09-20,3,33,0,2024,9,3,4,Autumn,41,1090,11,30.0,26.0,20384530.28,16.830286900593656
4824,KS,DR,Severe Storm,2024,2024-09-24,17,90,0,2024,9,3,1,Autumn,87,1091,42,35.0,4.0,2596545.91,14.769693008731464
4825,NY,DR,Tropical Storm,2024,2024-09-24,11,47,0,2024,9,3,1,Autumn,115,18,1,4.0,4.0,42095018.44,17.555439988566363
4823,WA,DR,Fire,2024,2024-09-24,1,94,0,2024,9,3,1,Autumn,207,1634,141,60.0,13.0,738444.93,13.512303162294817
4822,NE,DR,Severe Storm,2024,2024-09-24,17,97,0,2024,9,3,1,Autumn,80,1092,35,35.0,0.0,9288594.95,16.04429796373817
4821,GA,DR,Tropical Storm,2024,2024-09-24,35,51,0,2024,9,3,1,Autumn,75,19,1,50.0,0.0,38168735.75,17.457527328810897
3618,AL,EM,Hurricane,2024,2024-09-26,67,4,1,2024,9,3,3,Autumn,101,445,24,510.0,10.0,54376.7,10.903709422330621
4826,VT,DR,Flood,2024,2024-09-26,3,59,0,2024,9,3,3,Autumn,61,897,21,15.0,6.0,10809921.799999999,16.195975048054276
4828,FL,DR,Hurricane,2024,2024-09-28,47,5,1,2024,9,3,5,Autumn,181,446,54,4.0,2.0,756097332.97,20.44368067449398
4827,NC,DR,Tropical Storm,2024,2024-09-28,40,3,1,2024,9,3,5,Autumn,76,25,2,2.0,1.0,1924266273.51,21.377810575929008
4835,SC,DR,Tropical Storm,2024,2024-09-29,14,56,0,2024,9,3,6,Autumn,43,26,2,3.0,1.0,10933478.5,16.207340153499338
4829,SC,DR,Hurricane,2024,2024-09-29,34,4,1,2024,9,3,6,Autumn,44,447,20,0.0,1.0,423923678.05,19.865063994753317
4830,GA,DR,Hurricane,2024,2024-09-30,94,6,1,2024,9,3,0,Autumn,77,448,15,4.0,1.0,1526976508.39,21.146555479560977
4831,VA,DR,Tropical Storm,2025,2024-10-01,37,6,1,2024,10,4,1,Autumn,74,28,1,2.0,2.0,83477251.32,18.240084725400635
4832,TN,DR,Tropical Storm,2025,2024-10-02,14,6,0,2024,10,4,2,Autumn,92,29,1,5.0,1.0,372784708.41,19.736511624403434
4833,AZ,DR,Fire,2025,2024-10-04,1,86,0,2024,10,4,4,Autumn,115,1636,79,83.0,4.0,924002.22,13.736470835466234
4834,FL,DR,Hurricane,2025,2024-10-11,52,6,1,2024,10,4,4,Autumn,184,451,57,3.0,3.0,1480249526.47,21.115476510153005
4836,AK,DR,Flood,2025,2024-10-16,1,72,0,2024,10,4,2,Autumn,83,898,16,193.0,20.0,885875.97,13.694333359900122
4837,NC,DR,Tropical Storm,2025,2024-10-19,6,33,0,2024,10,4,5,Autumn,77,30,3,21.0,17.0,17273931.49,16.664709130629017
4838,NE,DR,Severe Storm,2025,2024-10-21,5,82,0,2024,10,4,0,Autumn,81,1093,36,27.0,27.0,12327417.790000001,16.327336509348317
4839,NY,DR,Severe Storm,2025,2024-10-21,3,64,0,2024,10,4,0,Autumn,116,1094,30,27.0,0.0,11354832.19,16.24515404296915
4840,AZ,DR,Flood,2025,2024-10-25,1,64,0,2024,10,4,4,Autumn,116,899,16,21.0,9.0,6159508.82,15.633507757668145
4841,VI,DR,Tropical Storm,2025,2024-10-25,3,73,0,2024,10,4,4,Autumn,32,31,1,68.0,6.0,3344685.78,15.02288360889406
4842,SD,DR,Severe Storm,2025,2024-11-01,1,111,0,2024,11,4,4,Autumn,92,1095,31,78.0,11.0,1648501.38,14.315377785229611
4843,NM,DR,Flood,2025,2024-11-01,1,13,0,2024,11,4,4,Autumn,118,900,20,73.0,7.0,83886950.27,18.24498063216662
4844,FL,DR,Hurricane,2025,2024-11-05,7,31,0,2024,11,4,1,Autumn,185,452,58,25.0,25.0,4042817.87,15.212452746728891
4845,WY,DR,Fire,2025,2024-11-13,2,84,0,2024,11,4,2,Autumn,43,1644,26,44.0,2.0,8813648.91,15.991812203831207
4846,AK,DR,Mud/Landslide,2025,2024-11-13,1,80,0,2024,11,4,2,Autumn,84,12,4,28.0,221.0,1550446.12,14.254053911813669
4849,WA,DR,Fire,2025,2024-11-26,1,132,0,2024,11,4,1,Autumn,208,1646,142,63.0,11.0,888872.15,13.697709815901133
4848,KY,DR,Tropical Storm,2025,2024-11-26,34,60,0,2024,11,4,1,Autumn,90,32,0,126.0,32.0,10265873.46,16.144335793311463
4850,PR,DR,Tropical Storm,2025,2024-11-27,38,106,0,2024,11,4,2,Autumn,50,33,0,106.0,1.0,61734871.22,17.93835951916731
4852,ND,DR,Fire,2025,2024-12-24,2,80,0,2024,12,4,1,Winter,72,1648,3,79.0,14.0,4566885.74,15.334342292209959
4853,AK,DR,Severe Storm,2025,2025-01-01,1,138,0,2025,1,1,2,Winter,85,1097,22,49.0,48.0,230809.98,12.349354386141338
4854,OR,DR,Fire,2025,2025-01-01,5,175,0,2025,1,1,2,Winter,158,1649,115,116.0,8.0,11117817.38,16.22405963869024
4855,MO,DR,Severe Storm,2025,2025-01-01,14,59,0,2025,1,1,2,Winter,79,1098,39,162.0,0.0,17199195.83,16.66037324476316
4856,CA,DR,Fire,2025,2025-01-08,1,1,1,2025,1,1,2,Winter,388,1652,291,0.0,0.0,36638388.2,17.416607133921712
4857,AK,DR,Severe Storm,2025,2025-01-10,1,148,0,2025,1,1,4,Winter,86,1099,23,9.0,9.0,995470.9199999999,13.810972195157374
4858,SC,DR,Flood,2025,2025-01-10,3,65,0,2025,1,1,4,Winter,45,901,3,103.0,70.0,3377514.24,15.032650861019487
4859,AK,DR,Severe Storm,2025,2025-01-15,2,87,0,2025,1,1,2,Winter,87,1100,24,5.0,5.0,853905.76,13.657577286482232
4860,KY,DR,Severe Storm,2025,2025-02-24,69,10,1,2025,2,1,0,Winter,92,1102,36,8.0,8.0,78826183.34,18.182755788211164
4861,WV,DR,Severe Storm,2025,2025-02-26,12,11,0,2025,2,1,2,Winter,81,1103,27,79.0,2.0,32496231.009999998,17.29663470242477
4862,OK,DR,Severe Storm,2025,2025-03-18,8,136,0,2025,3,1,1,Spring,245,1104,50,3.0,20.0,3437232.9099999997,15.05017760996081
4863,VA,DR,Severe Storm,2025,2025-04-04,36,53,0,2025,4,2,4,Spring,75,1107,19,185.0,1.0,26556689.27,17.09479226147931
4864,KY,DR,Severe Storm,2025,2025-04-24,91,22,1,2025,4,2,3,Spring,94,1109,38,21.0,19.0,18883138.12,16.753779971809966
4874,MS,DR,Severe Storm,2025,2025-05-21,18,68,0,2025,5,2,2,Spring,94,1111,41,345.0,13.0,28092446.85,17.151011338395115
4873,AR,DR,Flood,2025,2025-05-21,41,49,0,2025,5,2,2,Spring,85,902,20,13.0,131.0,33417564.17,17.32459222300167
4872,MO,DR,Severe Storm,2025,2025-05-21,27,52,0,2025,5,2,2,Spring,80,1112,40,140.0,0.0,10297611.89,16.147422668087344
4868,NE,DR,Winter Storm,2025,2025-05-21,28,64,0,2025,5,2,2,Spring,82,13,0,212.0,315.0,10609698.25,16.17727916428832
4869,KS,DR,Severe Storm,2025,2025-05-21,28,68,0,2025,5,2,2,Spring,89,1113,43,68.0,0.0,452569.97000000003,13.022699869603052
4867,MO,DR,Severe Storm,2025,2025-05-21,25,68,0,2025,5,2,2,Spring,81,1114,41,0.0,0.0,8783679.17,15.988406031549443
4870,IA,DR,Winter Storm,2025,2025-05-21,4,63,0,2025,5,2,2,Spring,77,14,0,331.0,0.0,736680.11,13.509910390968466
4875,KY,DR,Severe Storm,2025,2025-05-23,39,7,0,2025,5,2,4,Spring,95,1115,39,29.0,2.0,6235565.62,15.645780010272714
4877,MO,DR,Severe Storm,2025,2025-06-09,3,24,0,2025,6,2,0,Summer,82,1116,42,19.0,17.0,91227565.81,18.328867677024405
4876,MO,DR,Severe Storm,2025,2025-06-09,6,41,0,2025,6,2,0,Summer,83,1117,43,0.0,0.0,5458646.7700000005,15.512711655875835
4878,TN,DR,Severe Storm,2025,2025-06-19,30,78,0,2025,6,2,3,Summer,94,1118,44,78.0,10.0,19848704.900000002,16.803649369017595
4879,TX,DR,Flood,2025,2025-07-06,23,4,1,2025,7,3,6,Summer,383,904,42,46.0,46.0,124800468.41,18.642226775190604
4885,MO,DR,Severe Storm,2025,2025-07-22,5,60,0,2025,7,3,1,Summer,84,1119,44,43.0,33.0,6696636.27,15.71711605836723
4886,NM,DR,Flood,2025,2025-07-22,4,29,1,2025,7,3,1,Summer,124,906,22,12.0,12.0,12238180.34,16.320071240675524
4884,WV,DR,Flood,2025,2025-07-22,2,38,0,2025,7,3,1,Summer,82,907,34,146.0,0.0,8007105.3,15.895839992850249
4880,MI,DR,Severe Ice Storm,2025,2025-07-22,14,116,0,2025,7,3,1,Summer,44,74,0,530.0,1531.0,11386358.09,16.24792662584936
4882,IN,DR,Flood,2025,2025-07-22,25,114,0,2025,7,3,1,Summer,52,908,13,829.0,0.0,8728415.93,15.982094574602526
4883,KS,DR,Severe Storm,2025,2025-07-22,11,65,0,2025,7,3,1,Summer,90,1120,44,62.0,0.0,421668.39,12.951976849952816
4881,OR,DR,Severe Storm,2025,2025-07-22,4,131,0,2025,7,3,1,Summer,163,1121,18,9.0,0.0,2338783.79,14.665142031927463
4890,SD,DR,Flood,2025,2025-09-11,1,91,0,2025,9,3,3,Autumn,93,910,20,314.0,0.0,548625.39,13.215172960594069
4891,KS,DR,Severe Storm,2025,2025-09-11,16,100,0,2025,9,3,3,Autumn,91,1122,45,51.0,51.0,452166.22000000003,13.021807346149824
4888,ND,DR,Severe Storm,2025,2025-09-11,19,83,0,2025,9,3,3,Autumn,73,1123,23,261.0,0.0,4210127.88,15.253003818016605
4889,NC,DR,Tropical Depression,2025,2025-09-11,7,67,0,2025,9,3,3,Autumn,83,0,0,131.0,,5010189.69,15.426984534212961
4887,MT,DR,Flood,2025,2025-09-11,1,116,0,2025,9,3,3,Autumn,106,911,16,16.0,0.0,227195.02,12.333568448070064
4893,AK,DR,Flood,2026,2025-10-22,10,14,0,2025,10,4,2,Autumn,91,912,17,108.0,41.0,5427399.66,15.506970877480946
4894,MN,DR,Straight-Line Winds,2026,2025-10-22,1,123,0,2025,10,4,2,Autumn,80,1,0,161.0,425.0,16563.16,9.71499660412134
4895,ND,DR,Severe Storm,2026,2025-10-22,7,76,0,2025,10,4,2,Autumn,74,1124,24,41.0,41.0,346259.37,12.754946285493693
4896,NE,DR,Severe Storm,2026,2025-10-22,12,75,0,2025,10,4,2,Autumn,83,1125,37,154.0,0.0,1505443.52,14.224598774680553
4897,KS,DR,Severe Storm,2026,2025-12-19,12,155,0,2025,12,4,4,Winter,92,1126,46,99.0,58.0,398964.11,12.896629248439563
3638,LA,EM,Winter Storm,2026,2026-01-24,64,1,1,2026,1,1,5,Winter,108,20,0,495.0,0.0,3798951.39,15.150235899845907
4898,TN,DR,Winter Storm,2026,2026-02-06,95,15,0,2026,2,1,4,Winter,96,27,2,13.0,13.0,6227968.67,15.644560941981972
4899,MS,DR,Winter Storm,2026,2026-02-06,83,14,0,2026,2,1,4,Winter,96,28,1,13.0,0.0,32915231.68,17.30944610797655
4900,LA,DR,Winter Storm,2026,2026-02-18,18,26,0,2026,2,1,2,Winter,109,29,1,25.0,12.0,233454.54,12.360746931109155
4901,MT,DR,Flood,2026,2026-04-07,1,119,0,2026,4,2,1,Spring,108,915,18,109.0,109.0,147237.76,11.899810765832937
4902,MT,DR,Straight-Line Winds,2026,2026-04-07,32,111,0,2026,4,2,1,Spring,109,3,1,0.0,0.0,147237.76,11.899810765832937
